<debtors>
    <debtor text="ИЧП Сизов007" type="1">
        <obsv>
            <rf>Московский</rf>
            <Uaddr>г. Москва, Центральный микрорайон, Красная ул., 169/3</Uaddr>
            <Faddr>г. Москва, Центральный микрорайон, Красная ул., 169/3</Faddr>
            <vid_deyat>Предоставление прочих видов услуг</vid_deyat>

        </obsv>
        <kds>
            <kd>
                <name_rf>Московский</name_rf>
                <num_KD>1</num_KD>
                <openDate>01.12.2013</openDate>
                <planCloseDate>30.04.2020</planCloseDate>
                <ostatokSudDolg>3961830,21</ostatokSudDolg>
                <ostatokProsrochDolg>510400</ostatokProsrochDolg>
                <percentDolg>0</percentDolg>
                <prosrochPercentDolg>133013,21</prosrochPercentDolg>
                <percentVnebalans>0</percentVnebalans>
                <sustemSPN>0</sustemSPN>
                <outSystemSPN>0</outSystemSPN>
                <rvps>1065288,64</rvps>
                <rvp/>
                <percentStavka>0</percentStavka>
                <numRestrukt>0</numRestrukt>
                <dos>
                    <do>
                        <sobstvenikDO>ИЧП Сизов007</sobstvenikDO>
                        <num_DO>1-1</num_DO>
                        <vidObespech>any</vidObespech>
                        <statusDo>В наличии</statusDo>
                        <percentObespech>11</percentObespech>
                        <stoimostNaDate>5000000</stoimostNaDate>
                        <ostatokNaVnebalance>5000000</ostatokNaVnebalance>
                        <openDateDO>01.04.2010</openDateDO>
                        <closeDateDO>30.04.2020</closeDateDO>
                        <pzs>
                            <pz>
                                <typeObespech>any</typeObespech>
                                <namePZ>Здание1</namePZ>
                                <addrPZ>Адрес Здание1</addrPZ>
                                <statusPZ>В наличии</statusPZ>
                                <posledZalog>False</posledZalog>
                                <startPrice>0</startPrice>
                                <zalogStoimost>2000000</zalogStoimost>
                            </pz>
                            <pz>
                                <typeObespech>any</typeObespech>
                                <namePZ>Здание2</namePZ>

                                <addrPZ>Адрес Здание2</addrPZ>
                                <statusPZ>В наличии</statusPZ>
                                <posledZalog>False</posledZalog>
                                <startPrice>0</startPrice>
                                <zalogStoimost>3000000</zalogStoimost>
                            </pz>
                        </pzs>
                    </do>
                    <do>
                        <sobstvenikDO>Жужиков П.П.</sobstvenikDO>
                        <num_DO>1-2</num_DO>
                        <vidObespech>any</vidObespech>
                        <statusDo>В наличии</statusDo>
                        <percentObespech>12</percentObespech>
                        <stoimostNaDate>1000000</stoimostNaDate>
                        <ostatokNaVnebalance>1000000</ostatokNaVnebalance>
                        <openDateDO>01.04.2010</openDateDO>
                        <closeDateDO>30.04.2020</closeDateDO>
                        <pzs>
                            <pz>
                                <typeObespech>any</typeObespech>
                                <namePZ>Квартира1</namePZ>
                                <addrPZ>Адрес Квартира1</addrPZ>
                                <statusPZ>В наличии</statusPZ>
                                <posledZalog>False</posledZalog>
                                <startPrice>0</startPrice>
                                <zalogStoimost>2500000</zalogStoimost>
                            </pz>
                            <pz>
                                <typeObespech>any</typeObespech>
                                <namePZ>Квартира2</namePZ>
                                <addrPZ>Адрес Квартира2</addrPZ>
                                <statusPZ>В наличии</statusPZ>
                                <posledZalog>False</posledZalog>
                                <startPrice>0</startPrice>
                                <zalogStoimost>3500000</zalogStoimost>
                            </pz>
                        </pzs>
                    </do>
                </dos>
            </kd>
            <kd>
                <name_rf>Московский</name_rf>
                <num_KD>2</num_KD>
                <openDate>21.10.2014</openDate>
                <planCloseDate>30.04.2020</planCloseDate>
                <ostatokSudDolg>4567834</ostatokSudDolg>
                <ostatokProsrochDolg>510400</ostatokProsrochDolg>
                <percentDolg>0</percentDolg>
                <prosrochPercentDolg>0</prosrochPercentDolg>
                <percentVnebalans>0</percentVnebalans>
                <sustemSPN>0</sustemSPN>
                <outSystemSPN>0</outSystemSPN>
                <rvps>0</rvps>
                <rvp>0</rvp>
                <percentStavka>10</percentStavka>
                <numRestrukt>0</numRestrukt>
                <dos>
                    <do>
                        <sobstvenikDO>Жужиков П.П.</sobstvenikDO>
                        <num_DO>2-1</num_DO>
                        <vidObespech>any</vidObespech>
                        <statusDo>В наличии</statusDo>
                        <percentObespech>21</percentObespech>
                        <stoimostNaDate>1000000</stoimostNaDate>
                        <ostatokNaVnebalance>1000000</ostatokNaVnebalance>
                        <openDateDO>01.04.2011</openDateDO>
                        <closeDateDO>30.04.2020</closeDateDO>
                        <pzs>
                            <pz>
                                <typeObespech>any</typeObespech>
                                <namePZ>Гараж1</namePZ>

                                <addrPZ>Адрес Гараж1</addrPZ>
                                <statusPZ>В наличии</statusPZ>
                                <posledZalog>True</posledZalog>
                                <startPrice>0</startPrice>
                                <zalogStoimost>1000000</zalogStoimost>
                            </pz>
                            <pz>
                                <typeObespech>any</typeObespech>
                                <namePZ>Гараж2</namePZ>

                                <addrPZ>Адрес Гараж2</addrPZ>
                                <statusPZ>В наличии</statusPZ>
                                <posledZalog>True</posledZalog>
                                <startPrice>0</startPrice>
                                <zalogStoimost>1500000</zalogStoimost>
                            </pz>
                        </pzs>
                    </do>
                    <do>
                        <sobstvenikDO>ОАО ГдеТы007</sobstvenikDO>
                        <num_DO>2-2</num_DO>
                        <vidObespech>any</vidObespech>
                        <statusDo>В наличии</statusDo>
                        <percentObespech>22</percentObespech>
                        <stoimostNaDate>700000</stoimostNaDate>
                        <ostatokNaVnebalance>700000</ostatokNaVnebalance>
                        <openDateDO>01.04.2011</openDateDO>
                        <closeDateDO>30.04.2020</closeDateDO>
                        <pzs>
                            <pz>
                                <typeObespech>any</typeObespech>
                                <namePZ>Земля1</namePZ>
                                <addrPZ>Адрес Земля1</addrPZ>
                                <statusPZ>В наличии</statusPZ>
                                <posledZalog>False</posledZalog>
                                <startPrice>0</startPrice>
                                <zalogStoimost>2000000</zalogStoimost>
                            </pz>
                            <pz>
                                <typeObespech>any</typeObespech>
                                <namePZ>Земля1</namePZ>
                                <addrPZ>Адрес Земля2</addrPZ>
                                <statusPZ>В наличии</statusPZ>
                                <posledZalog>False</posledZalog>
                                <startPrice>0</startPrice>
                                <zalogStoimost>5000000</zalogStoimost>
                            </pz>
                        </pzs>
                    </do>
                    <do>
                        <sobstvenikDO>ООО Комут007</sobstvenikDO>
                        <num_DO>2-3</num_DO>
                        <vidObespech>any</vidObespech>
                        <statusDo>В наличии</statusDo>
                        <percentObespech>23</percentObespech>
                        <stoimostNaDate>1000000</stoimostNaDate>
                        <ostatokNaVnebalance>1000000</ostatokNaVnebalance>
                        <openDateDO>01.04.2011</openDateDO>
                        <closeDateDO>30.04.2020</closeDateDO>
                        <pzs>
                            <pz>
                                <typeObespech>any</typeObespech>
                                <namePZ>Участок1</namePZ>
                                <addrPZ>Адрес Участок1</addrPZ>
                                <statusPZ>В наличии</statusPZ>
                                <posledZalog>False</posledZalog>
                                <startPrice>0</startPrice>
                                <zalogStoimost>1000000</zalogStoimost>
                            </pz>
                            <pz>
                                <typeObespech>any</typeObespech>
                                <namePZ>Участок2</namePZ>
                                <addrPZ>Адрес Участок2</addrPZ>
                                <statusPZ>В наличии</statusPZ>
                                <posledZalog>False</posledZalog>
                                <startPrice>0</startPrice>
                                <zalogStoimost>1200000</zalogStoimost>
                            </pz>
                        </pzs>
                    </do>
                </dos>
            </kd>
        </kds>
    </debtor>
    <debtor text="ООО Комут007" type="2">
        <obsv>
            <rf>Адыгейский</rf>
            <Uaddr>115280, Адыгея, Ленинская слобода, д. 19</Uaddr>
            <Faddr>115280, Адыгея, Ленинская слобода, д. 19</Faddr>
            <vid_deyat>Предоставление прочих видов услуг</vid_deyat>

        </obsv>
        <kds>
            <kd>
                <name_rf>Московский</name_rf>
                <num_KD>3</num_KD>
                <openDate>01.04.2011</openDate>
                <planCloseDate>30.04.2021</planCloseDate>
                <ostatokSudDolg>5 612 876,00</ostatokSudDolg>
                <ostatokProsrochDolg>132 454,00</ostatokProsrochDolg>
                <percentDolg>0</percentDolg>
                <prosrochPercentDolg>0</prosrochPercentDolg>
                <percentVnebalans>0</percentVnebalans>
                <sustemSPN>0</sustemSPN>
                <outSystemSPN>0</outSystemSPN>
                <rvps>0</rvps>
                <rvp>0</rvp>
                <percentStavka>15</percentStavka>
                <numRestrukt>0</numRestrukt>
                <dos>
                    <do>
                        <sobstvenikDO>ОАО ГдеТы007</sobstvenikDO>
                        <num_DO>3-1</num_DO>
                        <vidObespech>any</vidObespech>
                        <statusDo>В наличии</statusDo>
                        <percentObespech>31</percentObespech>
                        <stoimostNaDate>5000000</stoimostNaDate>
                        <ostatokNaVnebalance>5000000</ostatokNaVnebalance>
                        <openDateDO>01.04.2011</openDateDO>
                        <closeDateDO>30.04.2021</closeDateDO>
                        <pzs>
                            <pz>
                                <typeObespech>any</typeObespech>
                                <namePZ>Здание3</namePZ>

                                <addrPZ>Адрес Здание3</addrPZ>
                                <statusPZ>В наличии</statusPZ>
                                <posledZalog>False</posledZalog>
                                <startPrice>0</startPrice>
                                <zalogStoimost>4000000</zalogStoimost>
                            </pz>
                            <pz>
                                <typeObespech>any</typeObespech>
                                <namePZ>Здание4</namePZ>

                                <addrPZ>Адрес Здание4</addrPZ>
                                <statusPZ>В наличии</statusPZ>
                                <posledZalog>False</posledZalog>
                                <startPrice>0</startPrice>
                                <zalogStoimost>1000000</zalogStoimost>
                            </pz>
                        </pzs>
                    </do>
                    <do>
                        <sobstvenikDO>ОАО ЧеКак007</sobstvenikDO>
                        <num_DO>3-2</num_DO>
                        <vidObespech>any</vidObespech>
                        <statusDo>В наличии</statusDo>
                        <percentObespech>32</percentObespech>
                        <stoimostNaDate>2500000</stoimostNaDate>
                        <ostatokNaVnebalance>2500000</ostatokNaVnebalance>
                        <openDateDO>01.04.2011</openDateDO>
                        <closeDateDO>30.04.2021</closeDateDO>
                        <pzs>
                            <pz>
                                <typeObespech>any</typeObespech>
                                <namePZ>Квартира3</namePZ>
                                <addrPZ>Адрес Квартира3</addrPZ>
                                <statusPZ>В наличии</statusPZ>
                                <posledZalog>False</posledZalog>
                                <startPrice>0</startPrice>
                                <zalogStoimost>1800000</zalogStoimost>
                            </pz>
                            <pz>
                                <typeObespech>any</typeObespech>
                                <namePZ>Квартира4</namePZ>
                                <addrPZ>Адрес Квартира4</addrPZ>
                                <statusPZ>В наличии</statusPZ>
                                <posledZalog>False</posledZalog>
                                <startPrice>0</startPrice>
                                <zalogStoimost>700000</zalogStoimost>
                            </pz>
                        </pzs>
                    </do>
                </dos>
            </kd>
            <kd>
                <name_rf>Московский</name_rf>
                <num_KD>4</num_KD>
                <openDate>01.04.2012</openDate>
                <planCloseDate>30.04.2021</planCloseDate>
                <ostatokSudDolg>7 832 456,00</ostatokSudDolg>
                <ostatokProsrochDolg>124 321,00</ostatokProsrochDolg>
                <percentDolg>0</percentDolg>
                <prosrochPercentDolg>0</prosrochPercentDolg>
                <percentVnebalans>0</percentVnebalans>
                <sustemSPN>0</sustemSPN>
                <outSystemSPN>0</outSystemSPN>
                <rvps>0</rvps>
                <rvp>0</rvp>
                <percentStavka>14</percentStavka>
                <numRestrukt>0</numRestrukt>
                <dos>
                    <do>
                        <sobstvenikDO>ООО Комут007</sobstvenikDO>
                        <num_DO>4-1</num_DO>
                        <vidObespech>any</vidObespech>
                        <statusDo>В наличии</statusDo>
                        <percentObespech>41</percentObespech>
                        <stoimostNaDate>5000000</stoimostNaDate>
                        <ostatokNaVnebalance>5000000</ostatokNaVnebalance>
                        <openDateDO>01.04.2012</openDateDO>
                        <closeDateDO>30.04.2021</closeDateDO>
                        <pzs>
                            <pz>
                                <typeObespech>any</typeObespech>
                                <namePZ>Гараж3</namePZ>
                                <addrPZ>Адрес Гараж3</addrPZ>
                                <statusPZ>В наличии</statusPZ>
                                <posledZalog>True</posledZalog>
                                <startPrice>0</startPrice>
                                <zalogStoimost>3200000</zalogStoimost>
                            </pz>
                            <pz>
                                <typeObespech>any</typeObespech>
                                <namePZ>Гараж4</namePZ>
                                <addrPZ>Адрес Гараж4</addrPZ>
                                <statusPZ>В наличии</statusPZ>
                                <posledZalog>True</posledZalog>
                                <startPrice>0</startPrice>
                                <zalogStoimost>2300000</zalogStoimost>
                            </pz>
                        </pzs>
                    </do>
                    <do>
                        <sobstvenikDO>ОАО ГдеТы007</sobstvenikDO>
                        <num_DO>4-2</num_DO>
                        <vidObespech>any</vidObespech>
                        <statusDo>В наличии</statusDo>
                        <percentObespech>42</percentObespech>
                        <stoimostNaDate>3800000</stoimostNaDate>
                        <ostatokNaVnebalance>3800000</ostatokNaVnebalance>
                        <openDateDO>01.04.2012</openDateDO>
                        <closeDateDO>30.04.2021</closeDateDO>
                        <pzs>
                            <pz>
                                <typeObespech>any</typeObespech>
                                <namePZ>Земля3</namePZ>
                                <addrPZ>Адрес Земля3</addrPZ>
                                <statusPZ>В наличии</statusPZ>
                                <posledZalog>False</posledZalog>
                                <startPrice>0</startPrice>
                                <zalogStoimost>2000000</zalogStoimost>
                            </pz>
                            <pz>
                                <typeObespech>any</typeObespech>
                                <namePZ>Земля4</namePZ>
                                <addrPZ>Адрес Земля4</addrPZ>
                                <statusPZ>В наличии</statusPZ>
                                <posledZalog>False</posledZalog>
                                <startPrice>0</startPrice>
                                <zalogStoimost>1500000</zalogStoimost>
                            </pz>
                        </pzs>
                    </do>
                </dos>
            </kd>
        </kds>
    </debtor>
    <debtor text="ОАО ЧеКак007" type="2">
        <obsv>
            <rf>Адыгейский</rf>
            <Uaddr>115280, Адыгея, Ленинская слобода, д. 19</Uaddr>
            <Faddr>115280, Адыгея, Ленинская слобода, д. 19</Faddr>
            <vid_deyat>Предоставление прочих видов услуг</vid_deyat>
        </obsv>
    </debtor>
    <debtor text="ОАО ГдеТы007" type="2">
        <obsv>
            <rf>Адыгейский</rf>
            <Uaddr>115280, Адыгея, Ленинская слобода, д. 19</Uaddr>
            <Faddr>115280, Адыгея, Ленинская слобода, д. 19</Faddr>
            <vid_deyat>Предоставление прочих видов услуг</vid_deyat>
        </obsv>
    </debtor>
    <debtor text="Жужиков" type="3">
        <obsv>
            <rf>Адыгейский</rf>
            <Uaddr>115280, Адыгея, Ленинская слобода, д. 19</Uaddr>
            <Faddr>115280, Адыгея, Ленинская слобода, д. 19</Faddr>
            <vid_deyat>Предоставление прочих видов услуг</vid_deyat>
        </obsv>
    </debtor>
</debtors>
