{
	"data": {
		"pledgeOfferList": [{
				"recoveryClaimId": "57b079b6-8677-40ad-aec5-fc60868c9562",
				"executiveId": null,
				"clientIdentityId": "9b281164-cc9c-4bdb-9548-7c2d92b2af40",
				"measureExecutiveId": null,
				"startPrice": 21111,
				"measureData": [{
						"id": "2360bfc1-f417-4079-8164-0740b8ca4292",
						"version": 2,
						"measureId": 4,
						"decisionId": 1
					}
				],
				"loanContractNumber": "2",
				"name": "ПЗ 21-1",
				"actId": null,
				"recoveryExecutiveId": "59 14 293458",
				"roleIdList": [2],
				"measureActId": "d98f250f-8027-4444-864d-8dbafe0c7eac",
				"instanceId": null,
				"pledgeId": "8a37bb7d-6625-40dc-bcc5-32b91aa16dbe",
				"timestamp": null,
				"offerType": null,
				"decisionId": 1,
				"claimId": null,
				"version": 5,
				"recoveryActId": "830043a6-18f0-4e5f-8e6a-fdf496c8426b",
				"measureClaimId": "e530258c-70e6-4871-870b-7a21b1933d5f",
				"actionPlanId": null,
				"id": "6833e488-315f-4493-8a17-8a2a69fab425",
				"clientShortName": "ООО \"Озерское\"",
				"classifierId": 748,
				"loanContractId": "93537242-3020-4450-bee9-3d034a619058"
			}
		],
		"recoveryOfferList": [{
				"recoveryClaimId": "57b079b6-8677-40ad-aec5-fc60868c9562",
				"executiveId": null,
				"clientIdentityId": "9b281164-cc9c-4bdb-9548-7c2d92b2af40",
				"measureExecutiveId": null,
				"loanContractNumber": "2",
				"kindIdList": [2],
				"actId": null,
				"recoveryExecutiveId": "59 14 293458",
				"roleIdList": [2],
				"measureActId": null,
				"instanceId": null,
				"timestamp": null,
				"offerType": null,
				"decisionId": 1,
				"claimId": null,
				"version": 5,
				"recoveryActId": "830043a6-18f0-4e5f-8e6a-fdf496c8426b",
				"measureClaimId": null,
				"actionPlanId": null,
				"id": "27193189-43f5-4c0a-832a-4d8d6b7a1a2e",
				"clientShortName": "ООО \"Озерское\"",
				"loanContractId": "93537242-3020-4450-bee9-3d034a619058"
			}
		],
		"epStructure": {
			"id": "d039df02-92aa-408c-aed2-bb94d30b7df2",
			"version": 1,
			"borrowerId": "64f45c0d-2d60-4003-93a6-87dd202fa4eb",
			"branchId": 9,
			"loansList": [{
					"id": "a6cbe294-9d21-4ba2-842e-322d407e3208",
					"version": 1,
					"loanId": "93537242-3020-4450-bee9-3d034a619058",
					"loanNumber": "2",
					"debtorsList": [{
							"clientTypeId": 1,
							"clientIdentityId": "9b281164-cc9c-4bdb-9548-7c2d92b2af40",
							"inExecProd": true,
							"guarContractList": [],
							"clientName": "ООО \"Озерское\"",
							"clientCardId": "8bb5b348-ac7e-4f0c-aa4b-8c73117800c6",
							"rolesId": [2],
							"version": 1,
							"id": "346d0f3a-c538-4948-9af0-5d43496530b9"
						}, {
							"clientTypeId": 1,
							"clientIdentityId": "62391ddc-3c3f-48e9-b03a-b45db3eb0e0c",
							"inExecProd": true,
							"guarContractList": [],
							"clientName": "ООО \"Межрегиональная инвестиционная компания\"",
							"clientCardId": "64f45c0d-2d60-4003-93a6-87dd202fa4eb",
							"rolesId": [1],
							"version": 1,
							"id": "656b3ef7-9906-45f7-b0f9-cf04544cd5cc"
						}
					]
				}
			]
		},
		"NodeName": "Получить от ЮрС ИД",
		"ActorId": "ishakirov.RF.27",
		"act": {
			"actDate": 1544734800000,
			"number": "14.12 - 15:03 - 1",
			"lastCompletedStepRefId": null,
			"appealList": null,
			"executiveDocList": [{
					"execDocCorrectionList": [{
							"sendCorrectionToCourtDate": null,
							"sendCorrectionToCourtMethodId": null,
							"correctionConfirmationDoc": null,
							"registrationCorrectionGoDate": null,
							"registrationCorrectionRfDate": null,
							"receiveCorrectionFromLeSDate": null,
							"transferActCorrectionDoc": null
						}
					],
					"sendToCourtMethodId": 1,
					"issueDate": 1544734800000,
					"number": "59 14 293458",
					"registrationGoDate": 1544734800000,
					"offersChangeDocList": null,
					"transferActDoc": {
						"ecmId": "d21c6176-d8e7-43fa-934f-160d06345f56",
						"name": "Загрузка должников 1_12.xlsx",
						"title": "Акт приема-передачи ИД",
						"uploadedUserName": "Сизов Игорь Игоревич",
						"uploadedDate": 1544791606841
					},
					"doErrorsExists": false,
					"recoveryList": [{
							"penalties": null,
							"loanContractNumber": "2",
							"mainDebt": 100000,
							"calculatedDate": 1544734800000,
							"debtBody": null,
							"duty": null,
							"amount": 123456,
							"calculatedDocument": {
								"docVersion": null,
								"ecmUrl": null,
								"reworkList": null,
								"ecmId": "bb77a372-70ef-4f81-922f-bcd298caa1d7",
								"systemId": null,
								"name": "Загрузка должников 1_11.xlsx",
								"uploadedDate": 1544769398001,
								"typeId": 1,
								"uploadedUserName": "Сизов Игорь Игоревич",
								"version": 1,
								"title": "Расчет задолжненности",
								"id": "a887602f-b87e-4b8b-85de-2df24cc0a4bc"
							},
							"loanMainDebt": 123456,
							"loanContractId": "93537242-3020-4450-bee9-3d034a619058"
						}
					],
					"courtName": "Суди для ИД 1",
					"sendToCourtDate": 1544734800000,
					"offersChangeComment": null,
					"caseNumber": "1",
					"sendToCourtConfirmationDoc": {
						"ecmId": "c8842c34-e6fd-4276-bb3f-cbca7c74ddd4",
						"name": "Загрузка должников 1_11.xlsx",
						"title": "Документ, подтверждающий отправку",
						"uploadedUserName": "Сизов Игорь Игоревич",
						"uploadedDate": 1544790773948,
						"typeId": 6
					},
					"document": {
						"ecmId": "7b205cdc-6edb-4c86-af96-ed8476c9b522",
						"name": "Загрузка должников 1_15.xlsx",
						"title": "Исполнительный документ",
						"uploadedUserName": "Сизов Игорь Игоревич",
						"uploadedDate": 1544791608899,
						"typeId": 4
					},
					"registrationRfDate": 1544734800000,
					"receiveFromLeSDate": 1544734800000
				}, {
					"execDocCorrectionList": [{
							"sendCorrectionToCourtDate": null,
							"sendCorrectionToCourtMethodId": null,
							"correctionConfirmationDoc": null,
							"registrationCorrectionGoDate": null,
							"registrationCorrectionRfDate": null,
							"receiveCorrectionFromLeSDate": null,
							"transferActCorrectionDoc": null
						}
					],
					"sendToCourtMethodId": 1,
					"issueDate": 1544734800000,
					"number": "59 14 293458",
					"registrationGoDate": 1544734800000,
					"offersChangeDocList": null,
					"transferActDoc": {
						"ecmId": "d21c6176-d8e7-43fa-934f-160d06345f56",
						"name": "Загрузка должников 1_12.xlsx",
						"title": "Акт приема-передачи ИД",
						"uploadedUserName": "Сизов Игорь Игоревич",
						"uploadedDate": 1544791606841
					},
					"doErrorsExists": false,
					"recoveryList": [{
							"penalties": null,
							"loanContractNumber": "2",
							"mainDebt": 100000,
							"calculatedDate": 1544734800000,
							"debtBody": null,
							"duty": null,
							"amount": 123456,
							"calculatedDocument": {
								"docVersion": null,
								"ecmUrl": null,
								"reworkList": null,
								"ecmId": "bb77a372-70ef-4f81-922f-bcd298caa1d7",
								"systemId": null,
								"name": "Загрузка должников 1_11.xlsx",
								"uploadedDate": 1544769398001,
								"typeId": 1,
								"uploadedUserName": "Сизов Игорь Игоревич",
								"version": 1,
								"title": "Расчет задолжненности",
								"id": "a887602f-b87e-4b8b-85de-2df24cc0a4bc"
							},
							"loanMainDebt": 123456,
							"loanContractId": "93537242-3020-4450-bee9-3d034a619058"
						}
					],
					"courtName": "Суди для ИД 1",
					"sendToCourtDate": 1544734800000,
					"offersChangeComment": null,
					"caseNumber": "1",
					"sendToCourtConfirmationDoc": {
						"ecmId": "c8842c34-e6fd-4276-bb3f-cbca7c74ddd4",
						"name": "Загрузка должников 1_11.xlsx",
						"title": "Документ, подтверждающий отправку",
						"uploadedUserName": "Сизов Игорь Игоревич",
						"uploadedDate": 1544790773948,
						"typeId": 6
					},
					"document": {
						"ecmId": "7b205cdc-6edb-4c86-af96-ed8476c9b522",
						"name": "Загрузка должников 1_15.xlsx",
						"title": "Исполнительный документ",
						"uploadedUserName": "Сизов Игорь Игоревич",
						"uploadedDate": 1544791608899,
						"typeId": 4
					},
					"registrationRfDate": 1544734800000,
					"receiveFromLeSDate": 1544734800000
				}
			],
			"appealRequired": false,
			"kindId": 2,
			"offersChangeDocList": null,
			"instanceId": null,
			"recoveryList": [{
					"penalties": null,
					"loanContractNumber": "2",
					"changeDocument": null,
					"mainDebt": 100000,
					"calculatedDate": 1544734800000,
					"debtBody": null,
					"duty": null,
					"amount": 123456,
					"version": 1,
					"calculatedDocument": {
						"docVersion": null,
						"ecmUrl": null,
						"reworkList": null,
						"ecmId": "bb77a372-70ef-4f81-922f-bcd298caa1d7",
						"systemId": null,
						"name": "Загрузка должников 1_11.xlsx",
						"uploadedDate": 1544769398001,
						"typeId": 1,
						"uploadedUserName": "Сизов Игорь Игоревич",
						"version": 1,
						"title": "Расчет задолжненности",
						"id": "a887602f-b87e-4b8b-85de-2df24cc0a4bc"
					},
					"id": "7fa57404-4c3d-4a4b-887d-023f1f8d3801",
					"loanMainDebt": 123456,
					"loanContractId": "93537242-3020-4450-bee9-3d034a619058"
				}
			],
			"typeId": 1,
			"acceptedDate": null,
			"decisionId": 1,
			"offersChangeComment": null,
			"version": 1,
			"id": "830043a6-18f0-4e5f-8e6a-fdf496c8426b",
			"document": {
				"docVersion": null,
				"ecmUrl": null,
				"reworkList": null,
				"ecmId": "07f62d63-a3a8-4101-9c61-0ec425c1296d",
				"systemId": null,
				"name": "Загрузка должников 1_13.xlsx",
				"uploadedDate": 1544789012390,
				"typeId": 2,
				"uploadedUserName": "Сизов Игорь Игоревич",
				"version": 1,
				"title": "Акт",
				"id": "b917bd99-a5d5-4a16-9dd4-5ab748036d89"
			}
		},
		"actionPlanItem": {
			"taskResultList": null,
			"isCompleted": false,
			"actionPlanItemUI": {
				"uiData": "{\"sendToCourtMethodId\":1,\"execDocList\":[{\"execDocCorrectionList\":[{\"sendCorrectionToCourtDate\":1544734800000,\"sendCorrectionToCourtMethodId\":1,\"correctionConfirmationDoc\":{\"ecmId\":\"43755770-7f5d-4307-bcc9-1a8f1f239e71\",\"name\":\"Загрузка должников 1_12.xlsx\",\"title\":\"Документ, подтверждающий отправку\",\"uploadedUserName\":\"Сизов Игорь Игоревич\",\"uploadedDate\":1544791590276},\"registrationCorrectionGoDate\":null,\"registrationCorrectionRfDate\":null,\"receiveCorrectionFromLeSDate\":null,\"transferActCorrectionDoc\":null}],\"sendToCourtMethodId\":null,\"issueDate\":null,\"number\":null,\"loanContractDataList\":[],\"registrationGoDate\":null,\"offersChangeDocList\":null,\"transferActDoc\":null,\"doErrorsExists\":true,\"courtName\":null,\"sendToCourtDate\":null,\"offersChangeComment\":null,\"caseNumber\":null,\"sendToCourtConfirmationDoc\":null,\"document\":null,\"registrationRfDate\":null,\"receiveFromLeSDate\":null},{\"execDocCorrectionList\":[{\"sendCorrectionToCourtDate\":null,\"sendCorrectionToCourtMethodId\":null,\"correctionConfirmationDoc\":null,\"registrationCorrectionGoDate\":null,\"registrationCorrectionRfDate\":null,\"receiveCorrectionFromLeSDate\":null,\"transferActCorrectionDoc\":null}],\"sendToCourtMethodId\":null,\"issueDate\":1544734800000,\"number\":\"59 14 293458\",\"loanContractDataList\":[{\"pledgeOfferList\":[{\"recoveryClaimId\":\"57b079b6-8677-40ad-aec5-fc60868c9562\",\"executiveId\":null,\"clientIdentityId\":\"9b281164-cc9c-4bdb-9548-7c2d92b2af40\",\"measureExecutiveId\":null,\"isIncluded\":true,\"startPrice\":21111,\"realizationOrder\":1,\"measureData\":[{\"id\":\"2360bfc1-f417-4079-8164-0740b8ca4292\",\"version\":2,\"measureId\":4,\"decisionId\":1}],\"startStartPrice\":21111,\"loanContractNumber\":\"2\",\"name\":\"ПЗ 21-1\",\"actId\":null,\"recoveryExecutiveId\":null,\"roleIdList\":[2],\"measureActId\":\"d98f250f-8027-4444-864d-8dbafe0c7eac\",\"instanceId\":null,\"pledgeId\":\"8a37bb7d-6625-40dc-bcc5-32b91aa16dbe\",\"timestamp\":null,\"offerType\":null,\"decisionId\":1,\"claimId\":null,\"version\":5,\"recoveryActId\":\"830043a6-18f0-4e5f-8e6a-fdf496c8426b\",\"measureClaimId\":\"e530258c-70e6-4871-870b-7a21b1933d5f\",\"actionPlanId\":null,\"id\":\"6833e488-315f-4493-8a17-8a2a69fab425\",\"clientShortName\":\"ООО \\\"Озерское\\\"\",\"classifierId\":748,\"loanContractId\":\"93537242-3020-4450-bee9-3d034a619058\"}],\"recoveryOfferList\":[{\"recoveryClaimId\":\"57b079b6-8677-40ad-aec5-fc60868c9562\",\"executiveId\":null,\"clientIdentityId\":\"9b281164-cc9c-4bdb-9548-7c2d92b2af40\",\"wasIncluded\":false,\"measureExecutiveId\":null,\"isIncluded\":true,\"loanContractNumber\":\"2\",\"kindIdList\":[2],\"actId\":null,\"recoveryExecutiveId\":null,\"roleIdList\":[2],\"measureActId\":null,\"instanceId\":null,\"timestamp\":null,\"offerType\":null,\"decisionId\":1,\"claimId\":null,\"version\":5,\"recoveryActId\":\"830043a6-18f0-4e5f-8e6a-fdf496c8426b\",\"measureClaimId\":null,\"actionPlanId\":null,\"id\":\"27193189-43f5-4c0a-832a-4d8d6b7a1a2e\",\"clientShortName\":\"ООО \\\"Озерское\\\"\",\"loanContractId\":\"93537242-3020-4450-bee9-3d034a619058\"}],\"penalties\":null,\"loanContractNumber\":\"2\",\"changeDocument\":null,\"mainDebt\":100000,\"calculatedDate\":1544734800000,\"debtBody\":null,\"duty\":null,\"amount\":123456,\"version\":1,\"calculatedDocument\":{\"docVersion\":null,\"ecmUrl\":null,\"reworkList\":null,\"ecmId\":\"bb77a372-70ef-4f81-922f-bcd298caa1d7\",\"systemId\":null,\"name\":\"Загрузка должников 1_11.xlsx\",\"uploadedDate\":1544769398001,\"typeId\":1,\"uploadedUserName\":\"Сизов Игорь Игоревич\",\"version\":1,\"title\":\"Расчет задолжненности\",\"id\":\"a887602f-b87e-4b8b-85de-2df24cc0a4bc\"},\"startAmount\":123456,\"id\":\"7fa57404-4c3d-4a4b-887d-023f1f8d3801\",\"loanMainDebt\":123456,\"loanContractId\":\"93537242-3020-4450-bee9-3d034a619058\"}],\"registrationGoDate\":1544734800000,\"offersChangeDocList\":null,\"transferActDoc\":{\"ecmId\":\"d21c6176-d8e7-43fa-934f-160d06345f56\",\"name\":\"Загрузка должников 1_12.xlsx\",\"title\":\"Акт приема-передачи ИД\",\"uploadedUserName\":\"Сизов Игорь Игоревич\",\"uploadedDate\":1544791606841},\"doErrorsExists\":false,\"courtName\":\"Суди для ИД 1\",\"sendToCourtDate\":null,\"offersChangeComment\":null,\"caseNumber\":\"1\",\"sendToCourtConfirmationDoc\":null,\"document\":{\"ecmId\":\"7b205cdc-6edb-4c86-af96-ed8476c9b522\",\"name\":\"Загрузка должников 1_15.xlsx\",\"title\":\"Исполнительный документ\",\"uploadedUserName\":\"Сизов Игорь Игоревич\",\"uploadedDate\":1544791608899,\"typeId\":4},\"registrationRfDate\":1544734800000,\"receiveFromLeSDate\":1544734800000}],\"extraDocuments\":[{\"extraDocumentsData\":null,\"docDescription\":null,\"docType\":null}],\"loanContractDataList\":{\"0\":{\"debtBody\":100000,\"penalties\":20000,\"duty\":3456}},\"typeId\":1,\"sendToCourtDate\":1544734800000,\"modalData\":null,\"staticData\":{\"execDocCorrectionList\":[{\"sendCorrectionToCourtDate\":null,\"sendCorrectionToCourtMethodId\":null,\"correctionConfirmationDoc\":null,\"registrationCorrectionGoDate\":null,\"registrationCorrectionRfDate\":null,\"receiveCorrectionFromLeSDate\":null,\"transferActCorrectionDoc\":null}],\"sendToCourtMethodId\":null,\"issueDate\":null,\"number\":null,\"registrationGoDate\":null,\"offersChangeDocList\":null,\"transferActDoc\":null,\"doErrorsExists\":false,\"courtName\":null,\"sendToCourtDate\":null,\"offersChangeComment\":null,\"caseNumber\":null,\"sendToCourtConfirmationDoc\":null,\"document\":null,\"registrationRfDate\":null,\"receiveFromLeSDate\":null},\"sendToCourtConfirmationDoc\":{\"ecmId\":\"c8842c34-e6fd-4276-bb3f-cbca7c74ddd4\",\"name\":\"Загрузка должников 1_11.xlsx\",\"title\":\"Документ, подтверждающий отправку\",\"uploadedUserName\":\"Сизов Игорь Игоревич\",\"uploadedDate\":1544790773948,\"typeId\":6},\"description\":\"Получить от Юридической службы ИД.\\nУказать информацию по полученным испол.документам. Если в ИД были выявлены ошибки, то необходимо проставить соответствующий признак и завершить задачу.\\nПо созданным ИД будут сформированы задачи \\\"Подготовить заявление о ИП и предъявить заявление с ИД в ФССП\\\"\",\"prevData\":{\"loanContractDataList\":[{\"pledgeOfferList\":[{\"recoveryClaimId\":\"57b079b6-8677-40ad-aec5-fc60868c9562\",\"executiveId\":null,\"clientIdentityId\":\"9b281164-cc9c-4bdb-9548-7c2d92b2af40\",\"wasIncluded\":true,\"measureExecutiveId\":null,\"isIncluded\":false,\"startPrice\":21111,\"measureData\":[{\"id\":\"2360bfc1-f417-4079-8164-0740b8ca4292\",\"version\":2,\"measureId\":4,\"decisionId\":1}],\"loanContractNumber\":\"2\",\"name\":\"ПЗ 21-1\",\"actId\":null,\"recoveryExecutiveId\":null,\"roleIdList\":[2],\"measureActId\":\"d98f250f-8027-4444-864d-8dbafe0c7eac\",\"instanceId\":null,\"pledgeId\":\"8a37bb7d-6625-40dc-bcc5-32b91aa16dbe\",\"timestamp\":null,\"offerType\":null,\"decisionId\":1,\"claimId\":null,\"version\":5,\"recoveryActId\":\"830043a6-18f0-4e5f-8e6a-fdf496c8426b\",\"measureClaimId\":\"e530258c-70e6-4871-870b-7a21b1933d5f\",\"actionPlanId\":null,\"id\":\"6833e488-315f-4493-8a17-8a2a69fab425\",\"clientShortName\":\"ООО \\\"Озерское\\\"\",\"classifierId\":748,\"loanContractId\":\"93537242-3020-4450-bee9-3d034a619058\"}],\"recoveryOfferList\":[{\"recoveryClaimId\":\"57b079b6-8677-40ad-aec5-fc60868c9562\",\"executiveId\":null,\"clientIdentityId\":\"9b281164-cc9c-4bdb-9548-7c2d92b2af40\",\"wasIncluded\":true,\"measureExecutiveId\":null,\"isIncluded\":false,\"loanContractNumber\":\"2\",\"kindIdList\":[2],\"actId\":null,\"recoveryExecutiveId\":null,\"roleIdList\":[2],\"measureActId\":null,\"instanceId\":null,\"timestamp\":null,\"offerType\":null,\"decisionId\":1,\"claimId\":null,\"version\":5,\"recoveryActId\":\"830043a6-18f0-4e5f-8e6a-fdf496c8426b\",\"measureClaimId\":null,\"actionPlanId\":null,\"id\":\"27193189-43f5-4c0a-832a-4d8d6b7a1a2e\",\"clientShortName\":\"ООО \\\"Озерское\\\"\",\"loanContractId\":\"93537242-3020-4450-bee9-3d034a619058\"}],\"penalties\":null,\"loanContractNumber\":\"2\",\"changeDocument\":null,\"mainDebt\":100000,\"calculatedDate\":1544734800000,\"debtBody\":null,\"duty\":null,\"amount\":123456,\"version\":1,\"calculatedDocument\":{\"docVersion\":null,\"ecmUrl\":null,\"reworkList\":null,\"ecmId\":\"bb77a372-70ef-4f81-922f-bcd298caa1d7\",\"systemId\":null,\"name\":\"Загрузка должников 1_11.xlsx\",\"uploadedDate\":1544769398001,\"typeId\":1,\"uploadedUserName\":\"Сизов Игорь Игоревич\",\"version\":1,\"title\":\"Расчет задолжненности\",\"id\":\"a887602f-b87e-4b8b-85de-2df24cc0a4bc\"},\"id\":\"7fa57404-4c3d-4a4b-887d-023f1f8d3801\",\"loanMainDebt\":123456,\"loanContractId\":\"93537242-3020-4450-bee9-3d034a619058\"}]},\"comment\":null}"
			},
			"exactCompleteDate": null,
			"clientId": null,
			"plannedCompleteDate": 1545653005939,
			"name": "Получить от ЮрС ИД",
			"isReadonly": null,
			"plannedStartDate": 1544789005939,
			"refId": 27,
			"sortOrder": null,
			"recalculated": null,
			"exactStartDate": 1544789826134,
			"version": 2,
			"recalculatedCompleteDate": null,
			"documentList": [],
			"lawActNumber": null,
			"id": "ee982b29-c19e-4859-95a6-88bbe66075c9",
			"description": "Получить от Юридической службы ИД.\nУказать информацию по полученным испол.документам. Если в ИД были выявлены ошибки, то необходимо проставить соответствующий признак и завершить задачу.\nПо созданным ИД будут сформированы задачи \"Подготовить заявление о ИП и предъявить заявление с ИД в ФССП\"",
			"branchId": null,
			"recalculatedStartDate": null
		},
		"condOfferList": [],
		"Description": "{\"nodeName\":\"Получить от ЮрС ИД\",\"clientFullName\":\"ООО \\\"Межрегиональная инвестиционная компания\\\"\",\"taskName\":\"basicForm/compulsoryCollecting\"}",
		"applicationHeader": {
			"clientIdentityId": "62391ddc-3c3f-48e9-b03a-b45db3eb0e0c",
			"projectName": "ПВ 5260000000009",
			"clientType": 1,
			"gszId": "f0ed9500-e21f-405c-a28b-5a7eb28e88fb",
			"inn": "5260000209",
			"kpp": "917655132",
			"creationDate": 1544789826276,
			"segmentId": 2,
			"taskName": "basicForm/compulsoryCollecting",
			"ogrn": null,
			"clientName": "ООО \"Межрегиональная инвестиционная компания\"",
			"userName": "Сизов Игорь Игоревич",
			"clientCardId": "64f45c0d-2d60-4003-93a6-87dd202fa4eb",
			"gszName": "ПВ 5260000009",
			"expirationDate": 1545567425000
		}
	},
	"details": {
		"status": "OK",
		"errorDescription": null,
		"instanceId": 5792,
		"taskId": 378
	}
}