<ListOfTscOpportunityIntegration xmlns="http://www.siebel.com/xml/TSC%20Opportunity%20Integration">
   <Opportunity>
      <AppId>1-NPCP6</AppId>
      <Created>11/02/2017 12:23:14</Created>
      <AppStage>1</AppStage>
      <CreditSumm>849000</CreditSumm>
      <CreditIntent>3</CreditIntent>
      <CreditPurpose/>
      <CreditTerm>32</CreditTerm>
      <FormProvisionFunds>1</FormProvisionFunds>
      <CreditRate>12</CreditRate>
      <ProductCategory>Кредит</ProductCategory>
      <DayMonFirstPercentPeriod>6</DayMonFirstPercentPeriod>
      <DayMonFirstOtherPeriod>12</DayMonFirstOtherPeriod>
      <PercentAccrualsForm>1</PercentAccrualsForm>
      <VarPercentAccrualsForm>1</VarPercentAccrualsForm>
      <CreditRedemptionForm/>
      <PercentRedemptionForm>1</PercentRedemptionForm>
      <ConditionsEarlyRepaymentCredit>нет уловий</ConditionsEarlyRepaymentCredit>
      <CurrencyCreditDeal>1</CurrencyCreditDeal>
      <IncreasePeriodSurety>2</IncreasePeriodSurety>
      <TotalSummGarantBank>4444</TotalSummGarantBank>
      <TotalSummLimitUnused>324</TotalSummLimitUnused>
      <TotalSummLimitUnusedFastDec>44442342</TotalSummLimitUnusedFastDec>
      <BalanceLimit>93837</BalanceLimit>
      <NumbBusinessman>0</NumbBusinessman>
      <NumbPerson>1</NumbPerson>
      <NumbCompany>1</NumbCompany>
      <GuarantorNumber>2</GuarantorNumber>
      <AgreeInsuranceContract>Да</AgreeInsuranceContract>
      <PaymentAccountId/>
      <law/>
      <Filial>9911</Filial>
      <PointOfSales>1199</PointOfSales>
      <Cardholder>0-57T73</Cardholder>
      <ContactDetails/>
      <FIO>Employee Proxy</FIO>
      <Position>Proxy Employee</Position>
      <Login>PROXYE</Login>
      <POSAddressSubject/>
      <POSAddressPostalCode/>
      <POSAddressLocality/>
      <POSAddressDistrict/>
      <POSAddressCity/>
      <POSAddressStreet/>
      <POSAddressHouse/>
      <POSAddressHouseBlock/>
      <POSAddressBuild/>
      <POSAddressOffice/>
      <POSAddress/>
      <ListOfTSCCurrentPositiveDecisions/>
      <ListOfATCOpportunityAccount>
         <ATCOpportunityAccount>
            <ID>1-NPCPX</ID>
            <LastName>ФамЗаемщика</LastName>
            <MiddleName>ОтчЗаемщика</MiddleName>
            <DateBirth>11/02/1994</DateBirth>
            <BirthPlace>Место1</BirthPlace>
            <DocumentTitle>Паспорт гражданина Российской Федерации</DocumentTitle>
            <KPP>745211400</KPP>
            <KIO/>
            <DateIssue>11/01/2016</DateIssue>
            <IssuedBy>Кем-то выдан</IssuedBy>
            <DivisionCode>400700</DivisionCode>
            <Received/>
            <DocumentType>12</DocumentType>
            <Education>5</Education>
            <ResidenceAtr/>
            <TypeParticipation>Заемщик</TypeParticipation>
            <OKPO/>
            <Organization>ОЖЕРЕЛЬЕВ ДА</Organization>
            <Status>Y</Status>
            <FullName>ОЖЕРЕЛЬЕВ ДА</FullName>
            <ShortName/>
            <FoundationRepresentation/>
            <OGRN>2133123123</OGRN>
            <OGRNSeries>233</OGRNSeries>
            <OGRNNumber>1233355443</OGRNNumber>
            <OGRNDateRegestration>12/11/2015</OGRNDateRegestration>
            <MobilePhone>+789037849494</MobilePhone>
            <PhoneNum>+749473837243</PhoneNum>
            <Fax>1649535</Fax>
            <Site>www.ip_lf.com</Site>
            <Email>ip_if@ip.ru</Email>
            <Pasport>Да</Pasport>
            <NationalityRF>Нет</NationalityRF>
            <Other>Антарктика</Other>
            <RegistrationRF>Да</RegistrationRF>
            <ExerptEGRIP>Да</ExerptEGRIP>
            <DataCorrespondOtherClientDoc>Да</DataCorrespondOtherClientDoc>
            <DateDataCorrespondOtherClientDoc/>
            <CertificateRegistrationIndBusMan>Да</CertificateRegistrationIndBusMan>
            <DocumentTaxAccounting>Да</DocumentTaxAccounting>
            <INN/>
            <EntityInProcessReorgOrLiquidOrBankrupt>Да</EntityInProcessReorgOrLiquidOrBankrupt>
            <FactsEndProcSaleProperOrEndProcBankrupt>Нет</FactsEndProcSaleProperOrEndProcBankrupt>
            <FactsProcSaleProperOrEndBankruptBeforeFiveYears>Да</FactsProcSaleProperOrEndBankruptBeforeFiveYears>
            <InfPublicationUFedRegActivitiesDeclarBankrupt>Да</InfPublicationUFedRegActivitiesDeclarBankrupt>
            <MaritalStatus>4</MaritalStatus>
            <AmountChildren>4</AmountChildren>
            <AmountDependent>0</AmountDependent>
            <YearsInMarriage>1</YearsInMarriage>
            <Bankruptcy>Да</Bankruptcy>
            <Adult>Нет</Adult>
            <Marriage/>
            <Capable/>
            <ConfirmLegalCapacityIE/>
            <ConfirmLegalCapacityEL/>
            <CodeSubCreditHistory>829</CodeSubCreditHistory>
            <Series>2135</Series>
            <Number>123345</Number>
            <TypeActivityOKVD>2</TypeActivityOKVD>
            <LicensingNeed/>
            <CertificationNeed/>
            <BankruptcyApplications>Нет</BankruptcyApplications>
            <RatingLowB>Да</RatingLowB>
            <SubsidIndicatorsCustomer>1</SubsidIndicatorsCustomer>
            <SubsidCreditRate>3</SubsidCreditRate>
            <InteractionWithBank>3</InteractionWithBank>
            <CodeOKTMO>553</CodeOKTMO>
            <OrganizateAndLegalForms>58</OrganizateAndLegalForms>
            <AttitudeToSmallFormsMgmt>2</AttitudeToSmallFormsMgmt>
            <Subject>вввы</Subject>
            <SubjectSmallOrMediumBusiness>аааку</SubjectSmallOrMediumBusiness>
            <ExistCourtDefIAboutIntroductionOneBankrupt>Да</ExistCourtDefIAboutIntroductionOneBankrupt>
            <BorrowerAvailableParticipationOrInitiationTrial>Нет</BorrowerAvailableParticipationOrInitiationTrial>
            <AvailabileProcedureReorg>Да</AvailabileProcedureReorg>
            <BorrowerRegPlaceResidenceInRF>Нет</BorrowerRegPlaceResidenceInRF>
            <DateActualStartBusiness>04/04/2013</DateActualStartBusiness>
            <MadeDecisionCompleteBusActivity>Да</MadeDecisionCompleteBusActivity>
            <RemoteActualLocationClientLess100km>Нет</RemoteActualLocationClientLess100km>
            <Stamp>Нет</Stamp>
            <HeadKFH>Да</HeadKFH>
            <NameKFH>наименоавниеКФХ</NameKFH>
            <OtherKFHApprove>Да</OtherKFHApprove>
            <TypeAccountant>1</TypeAccountant>
            <TypeTaxation>3</TypeTaxation>
            <MinVolumeMoneyTransferToBank>9000338</MinVolumeMoneyTransferToBank>
            <SubjectAPK/>
            <PropertyUnderArrest>Нет</PropertyUnderArrest>
            <RefersToGSZ>Да</RefersToGSZ>
            <CodeGroupGSZ>10424</CodeGroupGSZ>
            <RefersToGSK>Да</RefersToGSK>
            <CodeGroupGSK>10422</CodeGroupGSK>
            <OverdueDebtsOnCourtPay>2</OverdueDebtsOnCourtPay>
            <OverdueDebtsOnFunds>3</OverdueDebtsOnFunds>
            <OverdueDebtsOnTaxPay>4</OverdueDebtsOnTaxPay>
            <OverdueDebtsOnFees>5</OverdueDebtsOnFees>
            <AmountEmployeesAvr12Mounth>124</AmountEmployeesAvr12Mounth>
            <QuarterlyRevenueLastTwoQuart>6784</QuarterlyRevenueLastTwoQuart>
            <IntTwoOrMoreCasesPerformanceObligationsOtherContracts>Да</IntTwoOrMoreCasesPerformanceObligationsOtherContracts>
            <RequirLicenDoc>Y</RequirLicenDoc>
            <CommitmentsSubject/>
            <PeriodDoBusinessMon>456</PeriodDoBusinessMon>
            <CIFID/>
            <SystemId/>
            <ListOfExternalDepositAcc>
               <ExternalDepositAcc>
                  <ID>1-NPCWT</ID>
                  <NumberAcc>494839202</NumberAcc>
                  <FullNameCreditOrg>Полное наименование кредитной организации для депозитного счета</FullNameCreditOrg>
                  <DateOpen>11/03/2015</DateOpen>
                  <CurrencyAcc>1</CurrencyAcc>
                  <AmountDeposit>38383762</AmountDeposit>
               </ExternalDepositAcc>
            </ListOfExternalDepositAcc>
            <ListOfTSCExternalSettlementAcc>
               <TSCExternalSettlementAcc>
                  <ID>1-NPCVM</ID>
                  <NumberAcc>82737637382</NumberAcc>
                  <FullNameCreditOrg>Полное наименование кредитной организации для расчетного счета</FullNameCreditOrg>
                  <DateOpen>10/02/2015</DateOpen>
                  <CurrencyAcc>1</CurrencyAcc>
                  <AvrMonthTurnover>347894</AvrMonthTurnover>
                  <ExistQueueUnexecutedOrdersTime>N</ExistQueueUnexecutedOrdersTime>
                  <IncomeBalance>3737373</IncomeBalance>
               </TSCExternalSettlementAcc>
            </ListOfTSCExternalSettlementAcc>
            <ListOfTSCOpportunityAccountLien>
               <TSCOpportunityAccountLien>
                  <ID>1-NPCVK</ID>
                  <AmountCollateralHeld>3456</AmountCollateralHeld>
                  <ValidityPeriodCreditContract>11/30/2017 00:00:00</ValidityPeriodCreditContract>
               </TSCOpportunityAccountLien>
            </ListOfTSCOpportunityAccountLien>
            <ListOfTSCOpportunityAccountAddress>
               <TSCOpportunityAccountAddress>
                  <ID>1-NPCQ3</ID>
                  <Subject>СубъектЮрАдр</Subject>
                  <PostalCode>783912</PostalCode>
                  <Locality>НаселенныйЮрАдрс</Locality>
                  <District>РайонЮрА</District>
                  <City>ГородЮрА</City>
                  <Street>улицаЮрА</Street>
                  <House>1</House>
                  <HouseBlock>2</HouseBlock>
                  <Build>3</Build>
                  <Office>4</Office>
                  <Address>улицаЮрА, ГородЮрА, 783912</Address>
                  <Comment>коментдляадресаЮР</Comment>
                  <Apartment/>
                  <Type>1</Type>
               </TSCOpportunityAccountAddress>
               <TSCOpportunityAccountAddress>
                  <ID>1-NPCQ4</ID>
                  <Subject>СубъктФ</Subject>
                  <PostalCode>192999</PostalCode>
                  <Locality>НаселенныйФ</Locality>
                  <District>РайонФ</District>
                  <City>ГородФ</City>
                  <Street>УлицаФ</Street>
                  <House>6</House>
                  <HouseBlock>7</HouseBlock>
                  <Build>8</Build>
                  <Office>10</Office>
                  <Address>УлицаФ, ГородФ, 192999</Address>
                  <Comment>коментдля адреса ФАКТ</Comment>
                  <Apartment/>
                  <Type>2</Type>
               </TSCOpportunityAccountAddress>
               <TSCOpportunityAccountAddress>
                  <ID>1-NPCQ5</ID>
                  <Subject/>
                  <PostalCode/>
                  <Locality/>
                  <District/>
                  <City/>
                  <Street/>
                  <House/>
                  <HouseBlock/>
                  <Build/>
                  <Office/>
                  <Address/>
                  <Comment/>
                  <Apartment/>
                  <Type>3</Type>
               </TSCOpportunityAccountAddress>
            </ListOfTSCOpportunityAccountAddress>
            <ListOfTSCOpportunityAccountContact>
               <TSCOpportunityAccountContact>
                  <ID>1-NPCR4</ID>
                  <LastName>ФамилияПредставителя</LastName>
                  <MiddleName>ЕгоОтчество</MiddleName>
                  <INN>400050006000</INN>
                  <Series>2938</Series>
                  <Number>378092</Number>
                  <IssuedBy>Представителем ФМС</IssuedBy>
                  <DivisionCode>700895</DivisionCode>
                  <DateIssue>11/02/2013</DateIssue>
                  <ListOfTSCOpptyAccountPersonalContactAddress/>
               </TSCOpportunityAccountContact>
            </ListOfTSCOpportunityAccountContact>
            <ListOfTSCOpportunityAccountGSZ/>
            <ListOfATCProfileAccount/>
            <ListOfATCProfileCredit/>
            <ListOfATCProfileDeposit/>
         </ATCOpportunityAccount>
         <ATCOpportunityAccount>
            <ID>1-NPCRY</ID>
            <LastName/>
            <FirstName/>
            <MiddleName/>
            <DateBirth/>
            <BirthPlace/>
            <DocumentTitle>Паспорт гражданина Российской Федерации</DocumentTitle>
            <KPP>997850001</KPP>
            <KIO/>
            <DateIssue/>
            <IssuedBy/>
            <DivisionCode/>
            <Received/>
            <DocumentType>12</DocumentType>
            <Education/>
            <ResidenceAtr/>
            <TypeParticipation>Поручитель</TypeParticipation>
            <OKPO>5744892</OKPO>
            <SubType>ЮЛ</SubType>
            <Organization>"ГАЗ"</Organization>
            <ContactName></ContactName>
            <Status>Y</Status>
            <FullName>"ГАЗ"</FullName>
            <ShortName>ОАО "ГАЗ"</ShortName>
            <FoundationRepresentation>На доверии</FoundationRepresentation>
            <OGRN>1025202265571</OGRN>
            <OGRNSeries>1233</OGRNSeries>
            <OGRNNumber>123345</OGRNNumber>
            <OGRNNameRegAgancy>Наименование регистрирующего 1</OGRNNameRegAgancy>
            <OGRNDateRegestration>11/03/2016</OGRNDateRegestration>
            <MobilePhone>+7495832</MobilePhone>
            <PhoneNum>+789044</PhoneNum>
            <Fax>1549588</Fax>
            <Site>www.ul.com</Site>
            <Email>ul@ul.com</Email>
            <Pasport>Нет</Pasport>
            <NationalityRF>Да</NationalityRF>
            <Other>Нет</Other>
            <RegistrationRF>Да</RegistrationRF>
            <ExerptEGRIP>Да</ExerptEGRIP>
            <DataCorrespondOtherClientDoc>Да</DataCorrespondOtherClientDoc>
            <DateDataCorrespondOtherClientDoc/>
            <CertificateRegistrationIndBusMan>Да</CertificateRegistrationIndBusMan>
            <DocumentTaxAccounting>Да</DocumentTaxAccounting>
            <INN/>
            <EntityInProcessReorgOrLiquidOrBankrupt>Да</EntityInProcessReorgOrLiquidOrBankrupt>
            <FactsEndProcSaleProperOrEndProcBankrupt>Да</FactsEndProcSaleProperOrEndProcBankrupt>
            <FactsProcSaleProperOrEndBankruptBeforeFiveYears>Да</FactsProcSaleProperOrEndBankruptBeforeFiveYears>
            <InfPublicationUFedRegActivitiesDeclarBankrupt>Да</InfPublicationUFedRegActivitiesDeclarBankrupt>
            <MaritalStatus/>
            <AmountChildren/>
            <AmountDependent/>
            <YearsInMarriage/>
            <Bankruptcy>Да</Bankruptcy>
            <Adult>Нет</Adult>
            <Marriage/>
            <Capable/>
            <ConfirmLegalCapacityIE/>
            <ConfirmLegalCapacityEL/>
            <CodeSubCreditHistory/>
            <Series/>
            <Number/>
            <TypeActivityOKVD/>
            <LicensingNeed/>
            <CertificationNeed/>
            <BankruptcyApplications>Да</BankruptcyApplications>
            <RatingLowB>Да</RatingLowB>
            <SubsidIndicatorsCustomer/>
            <SubsidCreditRate/>
            <InteractionWithBank/>
            <CodeOKTMO/>
            <OrganizateAndLegalForms/>
            <AttitudeToSmallFormsMgmt/>
            <Subject/>
            <SubjectSmallOrMediumBusiness/>
            <ExistCourtDefIAboutIntroductionOneBankrupt>Да</ExistCourtDefIAboutIntroductionOneBankrupt>
            <BorrowerAvailableParticipationOrInitiationTrial>Да</BorrowerAvailableParticipationOrInitiationTrial>
            <AvailabileProcedureReorg>Да</AvailabileProcedureReorg>
            <BorrowerRegPlaceResidenceInRF>Да</BorrowerRegPlaceResidenceInRF>
            <DateActualStartBusiness/>
            <MadeDecisionCompleteBusActivity>Да</MadeDecisionCompleteBusActivity>
            <RemoteActualLocationClientLess100km>Да</RemoteActualLocationClientLess100km>
            <Stamp>Да</Stamp>
            <HeadKFH>Да</HeadKFH>
            <NameKFH/>
            <OtherKFHApprove>Да</OtherKFHApprove>
            <TypeAccountant/>
            <TypeTaxation/>
            <MinVolumeMoneyTransferToBank/>
            <SubjectAPK/>
            <PropertyUnderArrest>Да</PropertyUnderArrest>
            <RefersToGSZ>Нет</RefersToGSZ>
            <CodeGroupGSZ/>
            <RefersToGSK>Нет</RefersToGSK>
            <CodeGroupGSK/>
            <OverdueDebtsOnCourtPay/>
            <OverdueDebtsOnFunds/>
            <OverdueDebtsOnTaxPay/>
            <OverdueDebtsOnFees/>
            <AmountEmployeesAvr12Mounth/>
            <QuarterlyRevenueLastTwoQuart/>
            <IntTwoOrMoreCasesPerformanceObligationsOtherContracts>Да</IntTwoOrMoreCasesPerformanceObligationsOtherContracts>
            <RequirLicenDoc>Y</RequirLicenDoc>
            <CommentOnPerformanceObligationsOtherContracts/>
            <CommitmentsSubject/>
            <PeriodDoBusinessMon/>
            <CIFID>E7ED863A-7747-4bc8-A4B5-C7ED70D197F5</CIFID>
            <SystemId>BISQUIT,0000</SystemId>
            <ListOfExternalDepositAcc/>
            <ListOfTSCExternalSettlementAcc/>
            <ListOfTSCOpportunityAccountLien/>
            <ListOfTSCOpportunityAccountAddress>
               <TSCOpportunityAccountAddress>
                  <ID>1-NPCS4</ID>
                  <Subject>Нижегородская обл</Subject>
                  <PostalCode>603004</PostalCode>
                  <Locality>НасП</Locality>
                  <District>РайР</District>
                  <House>88</House>
                  <HouseBlock>77</HouseBlock>
                  <Build>66</Build>
                  <Office>55</Office>
                  <Comment/>
                  <Apartment/>
                  <Type>1</Type>
               </TSCOpportunityAccountAddress>
               <TSCOpportunityAccountAddress>
                  <ID>1-NPCS5</ID>
                  <Subject>СубъектФакт</Subject>
                  <PostalCode>300400</PostalCode>
                  <Locality>НасФакт</Locality>
                  <District>РайРФакт</District>
                  <City>ГородФакт</City>
                  <Street>ФАктулица</Street>
                  <House>1</House>
                  <HouseBlock>2</HouseBlock>
                  <Build>3</Build>
                  <Office>4</Office>
                  <Address>ФАктулица, ГородФакт, 300400</Address>
                  <Comment/>
                  <Apartment/>
                  <Type>2</Type>
               </TSCOpportunityAccountAddress>
               <TSCOpportunityAccountAddress>
                  <ID>1-NPCS6</ID>
                  <Subject/>
                  <PostalCode/>
                  <Locality/>
                  <District/>
                  <City/>
                  <Street/>
                  <House/>
                  <HouseBlock/>
                  <Build/>
                  <Office/>
                  <Address/>
                  <Comment/>
                  <Apartment/>
                  <Type>3</Type>
               </TSCOpportunityAccountAddress>
            </ListOfTSCOpportunityAccountAddress>
            <ListOfTSCOpportunityAccountContact>
               <TSCOpportunityAccountContact>
                  <ID>1-NPCSI</ID>
                  <LastName>ПредставительЮЛпоручителя</LastName>
                  <MiddleName>ЕгоОтчество</MiddleName>
                  <INN>200130024003</INN>
                  <Series>4000</Series>
                  <Number>600400</Number>
                  <IssuedBy>ПоручителемЮЛ</IssuedBy>
                  <DivisionCode>102039</DivisionCode>
                  <DateIssue>11/01/2017</DateIssue>
                  <ListOfTSCOpptyAccountPersonalContactAddress/>
               </TSCOpportunityAccountContact>
            </ListOfTSCOpportunityAccountContact>
            <ListOfTSCOpportunityAccountGSZ/>
            <ListOfATCProfileAccount/>
            <ListOfATCProfileCredit/>
            <ListOfATCProfileDeposit/>
         </ATCOpportunityAccount>
         <ATCOpportunityAccount>
            <ID>1-NPCSP</ID>
            <LastName>ФамилияПоруч</LastName>
            <MiddleName>ОтчествоПоруч</MiddleName>
            <DateBirth>11/02/1998</DateBirth>
            <BirthPlace>МестоФЛ</BirthPlace>
            <DocumentTitle>Паспорт гражданина Российской Федерации</DocumentTitle>
            <KPP/>
            <KIO/>
            <DateIssue>06/14/2017</DateIssue>
            <IssuedBy>ОУФМС по России</IssuedBy>
            <DivisionCode>300922</DivisionCode>
            <Received/>
            <DocumentType>12</DocumentType>
            <Education/>
            <ResidenceAtr/>
            <TypeParticipation>Поручитель</TypeParticipation>
            <OKPO/>
            <SubType>ФЛ</SubType>
            <Organization/>
            <Status>Y</Status>
            <FullName/>
            <ShortName/>
            <FoundationRepresentation/>
            <OGRN/>
            <OGRNSeries/>
            <OGRNNumber/>
            <OGRNNameRegAgancy/>
            <OGRNDateRegestration/>
            <MobilePhone>+789007009880</MobilePhone>
            <PhoneNum>+74957898875</PhoneNum>
            <Fax/>
            <Site/>
            <Email>fl@ul.com</Email>
            <Pasport>Нет</Pasport>
            <NationalityRF>Да</NationalityRF>
            <Other>Нет</Other>
            <RegistrationRF>Да</RegistrationRF>
            <ExerptEGRIP>Да</ExerptEGRIP>
            <DataCorrespondOtherClientDoc>Да</DataCorrespondOtherClientDoc>
            <DateDataCorrespondOtherClientDoc/>
            <CertificateRegistrationIndBusMan>Да</CertificateRegistrationIndBusMan>
            <DocumentTaxAccounting>Да</DocumentTaxAccounting>
            <INN/>
            <EntityInProcessReorgOrLiquidOrBankrupt>Да</EntityInProcessReorgOrLiquidOrBankrupt>
            <FactsEndProcSaleProperOrEndProcBankrupt>Да</FactsEndProcSaleProperOrEndProcBankrupt>
            <FactsProcSaleProperOrEndBankruptBeforeFiveYears>Да</FactsProcSaleProperOrEndBankruptBeforeFiveYears>
            <InfPublicationUFedRegActivitiesDeclarBankrupt>Да</InfPublicationUFedRegActivitiesDeclarBankrupt>
            <MaritalStatus/>
            <AmountChildren/>
            <AmountDependent/>
            <YearsInMarriage/>
            <Bankruptcy>Да</Bankruptcy>
            <Adult>Да</Adult>
            <Marriage/>
            <Capable/>
            <ConfirmLegalCapacityIE/>
            <ConfirmLegalCapacityEL/>
            <CodeSubCreditHistory/>
            <Series>3982</Series>
            <Number>787329</Number>
            <TypeActivityOKVD/>
            <LicensingNeed/>
            <CertificationNeed/>
            <BankruptcyApplications>Да</BankruptcyApplications>
            <RatingLowB>Да</RatingLowB>
            <SubsidIndicatorsCustomer/>
            <SubsidCreditRate/>
            <InteractionWithBank/>
            <CodeOKTMO/>
            <OrganizateAndLegalForms/>
            <AttitudeToSmallFormsMgmt/>
            <Subject/>
            <SubjectSmallOrMediumBusiness/>
            <ExistCourtDefIAboutIntroductionOneBankrupt>Да</ExistCourtDefIAboutIntroductionOneBankrupt>
            <BorrowerAvailableParticipationOrInitiationTrial>Да</BorrowerAvailableParticipationOrInitiationTrial>
            <AvailabileProcedureReorg>Да</AvailabileProcedureReorg>
            <BorrowerRegPlaceResidenceInRF>Да</BorrowerRegPlaceResidenceInRF>
            <DateActualStartBusiness/>
            <MadeDecisionCompleteBusActivity>Да</MadeDecisionCompleteBusActivity>
            <RemoteActualLocationClientLess100km>Да</RemoteActualLocationClientLess100km>
            <Stamp>Да</Stamp>
            <HeadKFH>Да</HeadKFH>
            <NameKFH/>
            <OtherKFHApprove>Да</OtherKFHApprove>
            <TypeAccountant/>
            <TypeTaxation/>
            <MinVolumeMoneyTransferToBank/>
            <SubjectAPK/>
            <PropertyUnderArrest>Да</PropertyUnderArrest>
            <RefersToGSZ/>
            <CodeGroupGSZ/>
            <RefersToGSK/>
            <CodeGroupGSK/>
            <OverdueDebtsOnCourtPay/>
            <OverdueDebtsOnFunds/>
            <OverdueDebtsOnTaxPay/>
            <OverdueDebtsOnFees/>
            <AmountEmployeesAvr12Mounth/>
            <QuarterlyRevenueLastTwoQuart/>
            <IntTwoOrMoreCasesPerformanceObligationsOtherContracts>Да</IntTwoOrMoreCasesPerformanceObligationsOtherContracts>
            <RequirLicenDoc>Y</RequirLicenDoc>
            <CommentOnPerformanceObligationsOtherContracts/>
            <CommitmentsSubject/>
            <PeriodDoBusinessMon/>
            <CIFID/>
            <SystemId/>
            <ListOfExternalDepositAcc/>
            <ListOfTSCExternalSettlementAcc/>
            <ListOfTSCOpportunityAccountLien/>
            <ListOfTSCOpportunityAccountAddress>
               <TSCOpportunityAccountAddress>
                  <ID>1-NPCT1</ID>
                  <Subject>ФактСубъектФЛ</Subject>
                  <PostalCode>283912</PostalCode>
                  <Locality>ФактНасФЛ</Locality>
                  <District>РайонФЛ</District>
                  <City>ГородФЛ</City>
                  <Street>улица ФЛ</Street>
                  <House>12</House>
                  <HouseBlock>23</HouseBlock>
                  <Build>34</Build>
                  <Office>45</Office>
                  <Address>улица ФЛ, ГородФЛ, 283912</Address>
                  <Comment/>
                  <Apartment/>
                  <Type>5</Type>
               </TSCOpportunityAccountAddress>
            </ListOfTSCOpportunityAccountAddress>
            <ListOfTSCOpportunityAccountContact/>
            <ListOfTSCOpportunityAccountGSZ/>
            <ListOfATCProfileAccount/>
            <ListOfATCProfileCredit/>
            <ListOfATCProfileDeposit/>
         </ATCOpportunityAccount>
      </ListOfATCOpportunityAccount>
      <ListOfFINSApplicationMortgageTrainlingDocuments>
         <FINSApplicationMortgageTrainlingDocuments>
            <ID/>
            <OpptyMemberID>1-NPCPX</OpptyMemberID>
            <Type>15</Type>
            <TitleDocument>Согласие на обработку персональных данных</TitleDocument>
            <Received>Y</Received>
            <DateReceive>11/02/2017</DateReceive>
            <Comment/>
            <ListOfTSCRequestedDocAttachment/>
            <ListOfTSCOptyMemberDocumentsGroup/>
         </FINSApplicationMortgageTrainlingDocuments>
         <FINSApplicationMortgageTrainlingDocuments>
            <ID/>
            <OpptyMemberID>1-NPCPX</OpptyMemberID>
            <Type>16</Type>
            <TitleDocument>Согласие на обработку биометрических данных</TitleDocument>
            <Received>N</Received>
            <DateReceive/>
            <Comment/>
            <ListOfTSCRequestedDocAttachment/>
            <ListOfTSCOptyMemberDocumentsGroup/>
         </FINSApplicationMortgageTrainlingDocuments>
         <FINSApplicationMortgageTrainlingDocuments>
            <ID/>
            <OpptyMemberID>1-NPCPX</OpptyMemberID>
            <Type>17</Type>
            <Received>N</Received>
            <DateReceive/>
            <Comment/>
            <ListOfTSCRequestedDocAttachment/>
            <ListOfTSCOptyMemberDocumentsGroup/>
         </FINSApplicationMortgageTrainlingDocuments>
         <FINSApplicationMortgageTrainlingDocuments>
            <ID/>
            <OpptyMemberID>1-NPCRY</OpptyMemberID>
            <Type>16</Type>
            <TitleDocument>Согласие на обработку биометрических данных</TitleDocument>
            <Received>N</Received>
            <DateReceive/>
            <Comment/>
            <ListOfTSCRequestedDocAttachment/>
            <ListOfTSCOptyMemberDocumentsGroup/>
         </FINSApplicationMortgageTrainlingDocuments>
         <FINSApplicationMortgageTrainlingDocuments>
            <ID/>
            <OpptyMemberID>1-NPCRY</OpptyMemberID>
            <Type>17</Type>
            <Received>N</Received>
            <DateReceive/>
            <Comment/>
            <ListOfTSCRequestedDocAttachment/>
            <ListOfTSCOptyMemberDocumentsGroup/>
         </FINSApplicationMortgageTrainlingDocuments>
         <FINSApplicationMortgageTrainlingDocuments>
            <ID/>
            <OpptyMemberID>1-NPCSP</OpptyMemberID>
            <Type>15</Type>
            <TitleDocument>Согласие на обработку персональных данных</TitleDocument>
            <Received>N</Received>
            <DateReceive/>
            <Comment/>
            <ListOfTSCRequestedDocAttachment/>
            <ListOfTSCOptyMemberDocumentsGroup/>
         </FINSApplicationMortgageTrainlingDocuments>
         <FINSApplicationMortgageTrainlingDocuments>
            <ID/>
            <OpptyMemberID>1-NPCSP</OpptyMemberID>
            <Type>16</Type>
            <TitleDocument>Согласие на обработку биометрических данных</TitleDocument>
            <Received>N</Received>
            <DateReceive/>
            <Comment/>
            <ListOfTSCRequestedDocAttachment/>
            <ListOfTSCOptyMemberDocumentsGroup/>
         </FINSApplicationMortgageTrainlingDocuments>
         <FINSApplicationMortgageTrainlingDocuments>
            <ID/>
            <OpptyMemberID>1-NPCSP</OpptyMemberID>
            <Type>17</Type>
            <Received>N</Received>
            <DateReceive/>
            <Comment/>
            <ListOfTSCRequestedDocAttachment/>
            <ListOfTSCOptyMemberDocumentsGroup/>
         </FINSApplicationMortgageTrainlingDocuments>
         <FINSApplicationMortgageTrainlingDocuments>
            <ID/>
            <OpptyMemberID/>
            <Type>12</Type>
            <TitleDocument>Паспорт гражданина Российской Федерации</TitleDocument>
            <Received>Y</Received>
            <DateReceive>11/02/2017</DateReceive>
            <Comment>паспорт получен</Comment>
            <ListOfTSCRequestedDocAttachment>
               <TSCRequestedDocAttachment>
                  <ID/>
                  <FileName>www.pasport_est.ru</FileName>
                  <Creator>KAVERINA VLADISLAVA</Creator>
                  <Comment/>
               </TSCRequestedDocAttachment>
            </ListOfTSCRequestedDocAttachment>
            <ListOfTSCOptyMemberDocumentsGroup/>
         </FINSApplicationMortgageTrainlingDocuments>
         <FINSApplicationMortgageTrainlingDocuments>
            <ID/>
            <OpptyMemberID>1-NPCPX</OpptyMemberID>
            <Type>12</Type>
            <TitleDocument>Паспорт гражданина Российской Федерации</TitleDocument>
            <Received>Y</Received>
            <DateReceive>11/02/2017</DateReceive>
            <Comment/>
            <ListOfTSCRequestedDocAttachment>
               <TSCRequestedDocAttachment>
                  <ID/>
                  <FileName>www.eto_passport_url.ru</FileName>
                  <Creator>KAVERINA VLADISLAVA</Creator>
                  <Comment/>
               </TSCRequestedDocAttachment>
            </ListOfTSCRequestedDocAttachment>
            <ListOfTSCOptyMemberDocumentsGroup/>
         </FINSApplicationMortgageTrainlingDocuments>
      </ListOfFINSApplicationMortgageTrainlingDocuments>
   </Opportunity>
</ListOfTscOpportunityIntegration>