<process-instance-list>
<process-instance>
<process-instance-id>116</process-instance-id>
<process-id>hardcollect.Precollection</process-id>
<process-name>Precollection</process-name>
<process-version>1.0</process-version>
<process-instance-state>1</process-instance-state>
<container-id>hardcollect</container-id>
<initiator>bpm_rest</initiator>
<start-date>2018-11-15T14:32:09.167+03:00</start-date>
<process-instance-desc>Precollection</process-instance-desc>
<correlation-key/>
<parent-instance-id>-1</parent-instance-id>
</process-instance>
<process-instance>
<process-instance-id>141</process-instance-id>
<process-id>hardcollect.DocsValidate</process-id>
<process-name>DocsValidate</process-name>
<process-version>1.0</process-version>
<process-instance-state>1</process-instance-state>
<container-id>hardcollect</container-id>
<initiator>bpm_rest</initiator>
<start-date>2018-11-15T14:34:10.661+03:00</start-date>
<process-instance-desc>DocsValidate</process-instance-desc>
<correlation-key/>
<parent-instance-id>116</parent-instance-id>
</process-instance>
<process-instance>
<process-instance-id>143</process-instance-id>
<process-id>hardcollect.DocsValidateUI</process-id>
<process-name>DocsValidateUI</process-name>
<process-version>1.0</process-version>
<process-instance-state>1</process-instance-state>
<container-id>hardcollect</container-id>
<initiator>bpm_rest</initiator>
<start-date>2018-11-15T14:34:10.787+03:00</start-date>
<process-instance-desc>DocsValidateUI</process-instance-desc>
<correlation-key/>
<parent-instance-id>141</parent-instance-id>
</process-instance>
<process-instance>
<process-instance-id>145</process-instance-id>
<process-id>hardcollect.PreactionChecklistStep</process-id>
<process-name>PreactionChecklistStep</process-name>
<process-version>1.0</process-version>
<process-instance-state>1</process-instance-state>
<container-id>hardcollect</container-id>
<initiator>bpm_rest</initiator>
<start-date>2018-11-15T14:34:10.925+03:00</start-date>
<process-instance-desc>PreactionChecklistStep</process-instance-desc>
<correlation-key/>
<parent-instance-id>116</parent-instance-id>
</process-instance>
<process-instance>
<process-instance-id>164</process-instance-id>
<process-id>hardcollect.Precollection</process-id>
<process-name>Precollection</process-name>
<process-version>1.0</process-version>
<process-instance-state>1</process-instance-state>
<container-id>hardcollect</container-id>
<initiator>bpm_rest</initiator>
<start-date>2018-11-15T14:45:11.673+03:00</start-date>
<process-instance-desc>Precollection</process-instance-desc>
<correlation-key/>
<parent-instance-id>-1</parent-instance-id>
</process-instance>
<process-instance>
<process-instance-id>300</process-instance-id>
<process-id>hardcollect.ActionChooseTool</process-id>
<process-name>ActionChooseTool</process-name>
<process-version>1.0</process-version>
<process-instance-state>1</process-instance-state>
<container-id>hardcollect</container-id>
<initiator>unknown</initiator>
<start-date>2018-11-15T16:06:59.397+03:00</start-date>
<process-instance-desc>ActionChooseTool</process-instance-desc>
<correlation-key/>
<parent-instance-id>164</parent-instance-id>
</process-instance>
<process-instance>
<process-instance-id>302</process-instance-id>
<process-id>hardcollect.CompulsoryCollection</process-id>
<process-name>CompulsoryCollection</process-name>
<process-version>1.0</process-version>
<process-instance-state>1</process-instance-state>
<container-id>hardcollect</container-id>
<initiator>unknown</initiator>
<start-date>2018-11-15T16:06:59.820+03:00</start-date>
<process-instance-desc>CompulsoryCollection</process-instance-desc>
<correlation-key/>
<parent-instance-id>300</parent-instance-id>
</process-instance>
<process-instance>
<process-instance-id>325</process-instance-id>
<process-id>hardcollect.MeasuresConditions</process-id>
<process-name>MeasuresConditions</process-name>
<process-version>1.0</process-version>
<process-instance-state>1</process-instance-state>
<container-id>hardcollect</container-id>
<initiator>unknown</initiator>
<start-date>2018-11-15T16:07:03.418+03:00</start-date>
<process-instance-desc>MeasuresConditions</process-instance-desc>
<correlation-key/>
<parent-instance-id>302</parent-instance-id>
</process-instance>
<process-instance>
<process-instance-id>369</process-instance-id>
<process-id>hardcollect.debtorProcess</process-id>
<process-name>debtorProcess</process-name>
<process-version>1.0</process-version>
<process-instance-state>1</process-instance-state>
<container-id>hardcollect</container-id>
<initiator>bpm_rest</initiator>
<start-date>2018-11-16T10:39:22.542+03:00</start-date>
<process-instance-desc>debtorProcess</process-instance-desc>
<correlation-key/>
<parent-instance-id>-1</parent-instance-id>
</process-instance>
<process-instance>
<process-instance-id>370</process-instance-id>
<process-id>hardcollect.debtorProcess</process-id>
<process-name>debtorProcess</process-name>
<process-version>1.0</process-version>
<process-instance-state>1</process-instance-state>
<container-id>hardcollect</container-id>
<initiator>bpm_rest</initiator>
<start-date>2018-11-16T10:39:22.688+03:00</start-date>
<process-instance-desc>debtorProcess</process-instance-desc>
<correlation-key/>
<parent-instance-id>-1</parent-instance-id>
</process-instance>
<process-instance>
<process-instance-id>371</process-instance-id>
<process-id>hardcollect.debtorProcess</process-id>
<process-name>debtorProcess</process-name>
<process-version>1.0</process-version>
<process-instance-state>1</process-instance-state>
<container-id>hardcollect</container-id>
<initiator>bpm_rest</initiator>
<start-date>2018-11-16T10:39:22.793+03:00</start-date>
<process-instance-desc>debtorProcess</process-instance-desc>
<correlation-key/>
<parent-instance-id>-1</parent-instance-id>
</process-instance>
<process-instance>
<process-instance-id>431</process-instance-id>
<process-id>hardcollect.Precollection</process-id>
<process-name>Precollection</process-name>
<process-version>1.0</process-version>
<process-instance-state>1</process-instance-state>
<container-id>hardcollect</container-id>
<initiator>bpm_rest</initiator>
<start-date>2018-11-16T11:20:19.134+03:00</start-date>
<process-instance-desc>Precollection</process-instance-desc>
<correlation-key/>
<parent-instance-id>-1</parent-instance-id>
</process-instance>
<process-instance>
<process-instance-id>473</process-instance-id>
<process-id>hardcollect.DocsValidate</process-id>
<process-name>DocsValidate</process-name>
<process-version>1.0</process-version>
<process-instance-state>1</process-instance-state>
<container-id>hardcollect</container-id>
<initiator>bpm_rest</initiator>
<start-date>2018-11-16T11:47:12.652+03:00</start-date>
<process-instance-desc>DocsValidate</process-instance-desc>
<correlation-key/>
<parent-instance-id>431</parent-instance-id>
</process-instance>
<process-instance>
<process-instance-id>475</process-instance-id>
<process-id>hardcollect.DocsValidateUI</process-id>
<process-name>DocsValidateUI</process-name>
<process-version>1.0</process-version>
<process-instance-state>1</process-instance-state>
<container-id>hardcollect</container-id>
<initiator>bpm_rest</initiator>
<start-date>2018-11-16T11:47:12.856+03:00</start-date>
<process-instance-desc>DocsValidateUI</process-instance-desc>
<correlation-key/>
<parent-instance-id>473</parent-instance-id>
</process-instance>
<process-instance>
<process-instance-id>477</process-instance-id>
<process-id>hardcollect.PreactionChecklistStep</process-id>
<process-name>PreactionChecklistStep</process-name>
<process-version>1.0</process-version>
<process-instance-state>1</process-instance-state>
<container-id>hardcollect</container-id>
<initiator>bpm_rest</initiator>
<start-date>2018-11-16T11:47:13.081+03:00</start-date>
<process-instance-desc>PreactionChecklistStep</process-instance-desc>
<correlation-key/>
<parent-instance-id>431</parent-instance-id>
</process-instance>
<process-instance>
<process-instance-id>542</process-instance-id>
<process-id>hardcollect.Precollection</process-id>
<process-name>Precollection</process-name>
<process-version>1.0</process-version>
<process-instance-state>1</process-instance-state>
<container-id>hardcollect</container-id>
<initiator>bpm_rest</initiator>
<start-date>2018-11-16T12:27:12.153+03:00</start-date>
<process-instance-desc>Precollection</process-instance-desc>
<correlation-key/>
<parent-instance-id>-1</parent-instance-id>
</process-instance>
<process-instance>
<process-instance-id>644</process-instance-id>
<process-id>hardcollect.StrategyCalc</process-id>
<process-name>StrategyCalc</process-name>
<process-version>1.0</process-version>
<process-instance-state>1</process-instance-state>
<container-id>hardcollect</container-id>
<initiator>bpm_rest</initiator>
<start-date>2018-11-16T12:46:28.991+03:00</start-date>
<process-instance-desc>StrategyCalc</process-instance-desc>
<correlation-key/>
<parent-instance-id>542</parent-instance-id>
</process-instance>
<process-instance>
<process-instance-id>894</process-instance-id>
<process-id>hardcollect.Precollection</process-id>
<process-name>Precollection</process-name>
<process-version>1.0</process-version>
<process-instance-state>1</process-instance-state>
<container-id>hardcollect</container-id>
<initiator>bpm_rest</initiator>
<start-date>2018-11-16T13:11:07.773+03:00</start-date>
<process-instance-desc>Precollection</process-instance-desc>
<correlation-key/>
<parent-instance-id>-1</parent-instance-id>
</process-instance>
<process-instance>
<process-instance-id>1027</process-instance-id>
<process-id>hardcollect.Precollection</process-id>
<process-name>Precollection</process-name>
<process-version>1.0</process-version>
<process-instance-state>1</process-instance-state>
<container-id>hardcollect</container-id>
<initiator>bpm_rest</initiator>
<start-date>2018-11-16T13:45:41.715+03:00</start-date>
<process-instance-desc>Precollection</process-instance-desc>
<correlation-key/>
<parent-instance-id>-1</parent-instance-id>
</process-instance>
<process-instance>
<process-instance-id>1068</process-instance-id>
<process-id>hardcollect.StrategyCalc</process-id>
<process-name>StrategyCalc</process-name>
<process-version>1.0</process-version>
<process-instance-state>1</process-instance-state>
<container-id>hardcollect</container-id>
<initiator>bpm_rest</initiator>
<start-date>2018-11-16T13:48:34.677+03:00</start-date>
<process-instance-desc>StrategyCalc</process-instance-desc>
<correlation-key/>
<parent-instance-id>1027</parent-instance-id>
</process-instance>
<process-instance>
<process-instance-id>1263</process-instance-id>
<process-id>hardcollect.debtorProcess</process-id>
<process-name>debtorProcess</process-name>
<process-version>1.0</process-version>
<process-instance-state>1</process-instance-state>
<container-id>hardcollect</container-id>
<initiator>bpm_rest</initiator>
<start-date>2018-11-16T14:43:04.100+03:00</start-date>
<process-instance-desc>debtorProcess</process-instance-desc>
<correlation-key/>
<parent-instance-id>-1</parent-instance-id>
</process-instance>
<process-instance>
<process-instance-id>1406</process-instance-id>
<process-id>hardcollect.Precollection</process-id>
<process-name>Precollection</process-name>
<process-version>1.0</process-version>
<process-instance-state>1</process-instance-state>
<container-id>hardcollect</container-id>
<initiator>bpm_rest</initiator>
<start-date>2018-11-16T15:31:16.502+03:00</start-date>
<process-instance-desc>Precollection</process-instance-desc>
<correlation-key/>
<parent-instance-id>-1</parent-instance-id>
</process-instance>
<process-instance>
<process-instance-id>1436</process-instance-id>
<process-id>hardcollect.DocsValidate</process-id>
<process-name>DocsValidate</process-name>
<process-version>1.0</process-version>
<process-instance-state>1</process-instance-state>
<container-id>hardcollect</container-id>
<initiator>bpm_rest</initiator>
<start-date>2018-11-16T15:32:39.443+03:00</start-date>
<process-instance-desc>DocsValidate</process-instance-desc>
<correlation-key/>
<parent-instance-id>1406</parent-instance-id>
</process-instance>
<process-instance>
<process-instance-id>1447</process-instance-id>
<process-id>hardcollect.DocsValidateUI</process-id>
<process-name>DocsValidateUI</process-name>
<process-version>1.0</process-version>
<process-instance-state>1</process-instance-state>
<container-id>hardcollect</container-id>
<initiator>bpm_rest</initiator>
<start-date>2018-11-16T15:37:11.227+03:00</start-date>
<process-instance-desc>DocsValidateUI</process-instance-desc>
<correlation-key/>
<parent-instance-id>1436</parent-instance-id>
</process-instance>
<process-instance>
<process-instance-id>1451</process-instance-id>
<process-id>hardcollect.DocsValidateUI</process-id>
<process-name>DocsValidateUI</process-name>
<process-version>1.0</process-version>
<process-instance-state>1</process-instance-state>
<container-id>hardcollect</container-id>
<initiator>bpm_rest</initiator>
<start-date>2018-11-16T15:37:11.431+03:00</start-date>
<process-instance-desc>DocsValidateUI</process-instance-desc>
<correlation-key/>
<parent-instance-id>1436</parent-instance-id>
</process-instance>
<process-instance>
<process-instance-id>1455</process-instance-id>
<process-id>hardcollect.DocsValidateUI</process-id>
<process-name>DocsValidateUI</process-name>
<process-version>1.0</process-version>
<process-instance-state>1</process-instance-state>
<container-id>hardcollect</container-id>
<initiator>bpm_rest</initiator>
<start-date>2018-11-16T15:37:11.669+03:00</start-date>
<process-instance-desc>DocsValidateUI</process-instance-desc>
<correlation-key/>
<parent-instance-id>1436</parent-instance-id>
</process-instance>
<process-instance>
<process-instance-id>1540</process-instance-id>
<process-id>hardcollect.Precollection</process-id>
<process-name>Precollection</process-name>
<process-version>1.0</process-version>
<process-instance-state>1</process-instance-state>
<container-id>hardcollect</container-id>
<initiator>bpm_rest</initiator>
<start-date>2018-11-16T16:07:49.125+03:00</start-date>
<process-instance-desc>Precollection</process-instance-desc>
<correlation-key/>
<parent-instance-id>-1</parent-instance-id>
</process-instance>
<process-instance>
<process-instance-id>1567</process-instance-id>
<process-id>hardcollect.PreactionChecklistStep</process-id>
<process-name>PreactionChecklistStep</process-name>
<process-version>1.0</process-version>
<process-instance-state>1</process-instance-state>
<container-id>hardcollect</container-id>
<initiator>bpm_rest</initiator>
<start-date>2018-11-16T16:09:13.883+03:00</start-date>
<process-instance-desc>PreactionChecklistStep</process-instance-desc>
<correlation-key/>
<parent-instance-id>1540</parent-instance-id>
</process-instance>
<process-instance>
<process-instance-id>1570</process-instance-id>
<process-id>hardcollect.DocsValidate</process-id>
<process-name>DocsValidate</process-name>
<process-version>1.0</process-version>
<process-instance-state>1</process-instance-state>
<container-id>hardcollect</container-id>
<initiator>bpm_rest</initiator>
<start-date>2018-11-16T16:09:14.132+03:00</start-date>
<process-instance-desc>DocsValidate</process-instance-desc>
<correlation-key/>
<parent-instance-id>1540</parent-instance-id>
</process-instance>
<process-instance>
<process-instance-id>1572</process-instance-id>
<process-id>hardcollect.DocsValidateUI</process-id>
<process-name>DocsValidateUI</process-name>
<process-version>1.0</process-version>
<process-instance-state>1</process-instance-state>
<container-id>hardcollect</container-id>
<initiator>bpm_rest</initiator>
<start-date>2018-11-16T16:09:14.395+03:00</start-date>
<process-instance-desc>DocsValidateUI</process-instance-desc>
<correlation-key/>
<parent-instance-id>1570</parent-instance-id>
</process-instance>
<process-instance>
<process-instance-id>1663</process-instance-id>
<process-id>hardcollect.ActionChooseTool</process-id>
<process-name>ActionChooseTool</process-name>
<process-version>1.0</process-version>
<process-instance-state>1</process-instance-state>
<container-id>hardcollect</container-id>
<initiator>unknown</initiator>
<start-date>2018-11-16T16:16:42.541+03:00</start-date>
<process-instance-desc>ActionChooseTool</process-instance-desc>
<correlation-key/>
<parent-instance-id>894</parent-instance-id>
</process-instance>
<process-instance>
<process-instance-id>1669</process-instance-id>
<process-id>hardcollect.PutApplication</process-id>
<process-name>PutApplication</process-name>
<process-version>1.0</process-version>
<process-instance-state>1</process-instance-state>
<container-id>hardcollect</container-id>
<initiator>unknown</initiator>
<start-date>2018-11-16T16:16:43.383+03:00</start-date>
<process-instance-desc>PutApplication</process-instance-desc>
<correlation-key/>
<parent-instance-id>1663</parent-instance-id>
</process-instance>
<process-instance>
<process-instance-id>1688</process-instance-id>
<process-id>hardcollect.PutApplication</process-id>
<process-name>PutApplication</process-name>
<process-version>1.0</process-version>
<process-instance-state>1</process-instance-state>
<container-id>hardcollect</container-id>
<initiator>unknown</initiator>
<start-date>2018-11-16T16:16:44.381+03:00</start-date>
<process-instance-desc>PutApplication</process-instance-desc>
<correlation-key/>
<parent-instance-id>1663</parent-instance-id>
</process-instance>
<process-instance>
<process-instance-id>1707</process-instance-id>
<process-id>hardcollect.PutApplication</process-id>
<process-name>PutApplication</process-name>
<process-version>1.0</process-version>
<process-instance-state>1</process-instance-state>
<container-id>hardcollect</container-id>
<initiator>unknown</initiator>
<start-date>2018-11-16T16:16:45.343+03:00</start-date>
<process-instance-desc>PutApplication</process-instance-desc>
<correlation-key/>
<parent-instance-id>1663</parent-instance-id>
</process-instance>
<process-instance>
<process-instance-id>1726</process-instance-id>
<process-id>hardcollect.PutApplication</process-id>
<process-name>PutApplication</process-name>
<process-version>1.0</process-version>
<process-instance-state>1</process-instance-state>
<container-id>hardcollect</container-id>
<initiator>unknown</initiator>
<start-date>2018-11-16T16:16:46.571+03:00</start-date>
<process-instance-desc>PutApplication</process-instance-desc>
<correlation-key/>
<parent-instance-id>1663</parent-instance-id>
</process-instance>
<process-instance>
<process-instance-id>1745</process-instance-id>
<process-id>hardcollect.PutApplication</process-id>
<process-name>PutApplication</process-name>
<process-version>1.0</process-version>
<process-instance-state>1</process-instance-state>
<container-id>hardcollect</container-id>
<initiator>unknown</initiator>
<start-date>2018-11-16T16:16:47.764+03:00</start-date>
<process-instance-desc>PutApplication</process-instance-desc>
<correlation-key/>
<parent-instance-id>1663</parent-instance-id>
</process-instance>
<process-instance>
<process-instance-id>1764</process-instance-id>
<process-id>hardcollect.PutApplication</process-id>
<process-name>PutApplication</process-name>
<process-version>1.0</process-version>
<process-instance-state>1</process-instance-state>
<container-id>hardcollect</container-id>
<initiator>unknown</initiator>
<start-date>2018-11-16T16:16:49.120+03:00</start-date>
<process-instance-desc>PutApplication</process-instance-desc>
<correlation-key/>
<parent-instance-id>1663</parent-instance-id>
</process-instance>
<process-instance>
<process-instance-id>1783</process-instance-id>
<process-id>hardcollect.PutApplication</process-id>
<process-name>PutApplication</process-name>
<process-version>1.0</process-version>
<process-instance-state>1</process-instance-state>
<container-id>hardcollect</container-id>
<initiator>unknown</initiator>
<start-date>2018-11-16T16:16:50.337+03:00</start-date>
<process-instance-desc>PutApplication</process-instance-desc>
<correlation-key/>
<parent-instance-id>1663</parent-instance-id>
</process-instance>
<process-instance>
<process-instance-id>1802</process-instance-id>
<process-id>hardcollect.PutApplication</process-id>
<process-name>PutApplication</process-name>
<process-version>1.0</process-version>
<process-instance-state>1</process-instance-state>
<container-id>hardcollect</container-id>
<initiator>unknown</initiator>
<start-date>2018-11-16T16:16:51.624+03:00</start-date>
<process-instance-desc>PutApplication</process-instance-desc>
<correlation-key/>
<parent-instance-id>1663</parent-instance-id>
</process-instance>
<process-instance>
<process-instance-id>2824</process-instance-id>
<process-id>hardcollect.PutApplicationPart3</process-id>
<process-name>PutApplicationPart3</process-name>
<process-version>1.0</process-version>
<process-instance-state>1</process-instance-state>
<container-id>hardcollect</container-id>
<initiator>bpm_rest</initiator>
<start-date>2018-11-16T18:53:01.074+03:00</start-date>
<process-instance-desc>PutApplicationPart3</process-instance-desc>
<correlation-key/>
<parent-instance-id>1688</parent-instance-id>
</process-instance>
<process-instance>
<process-instance-id>2841</process-instance-id>
<process-id>hardcollect.PutApplicationPart3</process-id>
<process-name>PutApplicationPart3</process-name>
<process-version>1.0</process-version>
<process-instance-state>1</process-instance-state>
<container-id>hardcollect</container-id>
<initiator>bpm_rest</initiator>
<start-date>2018-11-16T18:53:25.657+03:00</start-date>
<process-instance-desc>PutApplicationPart3</process-instance-desc>
<correlation-key/>
<parent-instance-id>1669</parent-instance-id>
</process-instance>
<process-instance>
<process-instance-id>2858</process-instance-id>
<process-id>hardcollect.PutApplicationPart3</process-id>
<process-name>PutApplicationPart3</process-name>
<process-version>1.0</process-version>
<process-instance-state>1</process-instance-state>
<container-id>hardcollect</container-id>
<initiator>bpm_rest</initiator>
<start-date>2018-11-16T18:53:44.715+03:00</start-date>
<process-instance-desc>PutApplicationPart3</process-instance-desc>
<correlation-key/>
<parent-instance-id>1707</parent-instance-id>
</process-instance>
<process-instance>
<process-instance-id>2875</process-instance-id>
<process-id>hardcollect.PutApplicationPart3</process-id>
<process-name>PutApplicationPart3</process-name>
<process-version>1.0</process-version>
<process-instance-state>1</process-instance-state>
<container-id>hardcollect</container-id>
<initiator>bpm_rest</initiator>
<start-date>2018-11-16T18:54:12.772+03:00</start-date>
<process-instance-desc>PutApplicationPart3</process-instance-desc>
<correlation-key/>
<parent-instance-id>1726</parent-instance-id>
</process-instance>
<process-instance>
<process-instance-id>2892</process-instance-id>
<process-id>hardcollect.PutApplicationPart3</process-id>
<process-name>PutApplicationPart3</process-name>
<process-version>1.0</process-version>
<process-instance-state>1</process-instance-state>
<container-id>hardcollect</container-id>
<initiator>bpm_rest</initiator>
<start-date>2018-11-16T18:54:29.176+03:00</start-date>
<process-instance-desc>PutApplicationPart3</process-instance-desc>
<correlation-key/>
<parent-instance-id>1745</parent-instance-id>
</process-instance>
<process-instance>
<process-instance-id>2909</process-instance-id>
<process-id>hardcollect.PutApplicationPart3</process-id>
<process-name>PutApplicationPart3</process-name>
<process-version>1.0</process-version>
<process-instance-state>1</process-instance-state>
<container-id>hardcollect</container-id>
<initiator>bpm_rest</initiator>
<start-date>2018-11-16T18:54:46.106+03:00</start-date>
<process-instance-desc>PutApplicationPart3</process-instance-desc>
<correlation-key/>
<parent-instance-id>1764</parent-instance-id>
</process-instance>
<process-instance>
<process-instance-id>2926</process-instance-id>
<process-id>hardcollect.PutApplicationPart3</process-id>
<process-name>PutApplicationPart3</process-name>
<process-version>1.0</process-version>
<process-instance-state>1</process-instance-state>
<container-id>hardcollect</container-id>
<initiator>bpm_rest</initiator>
<start-date>2018-11-16T18:55:03.082+03:00</start-date>
<process-instance-desc>PutApplicationPart3</process-instance-desc>
<correlation-key/>
<parent-instance-id>1802</parent-instance-id>
</process-instance>
<process-instance>
<process-instance-id>2943</process-instance-id>
<process-id>hardcollect.PutApplicationPart3</process-id>
<process-name>PutApplicationPart3</process-name>
<process-version>1.0</process-version>
<process-instance-state>1</process-instance-state>
<container-id>hardcollect</container-id>
<initiator>bpm_rest</initiator>
<start-date>2018-11-16T18:55:20.251+03:00</start-date>
<process-instance-desc>PutApplicationPart3</process-instance-desc>
<correlation-key/>
<parent-instance-id>1783</parent-instance-id>
</process-instance>
<process-instance>
<process-instance-id>3003</process-instance-id>
<process-id>hardcollect.PutApplicationPart3CmplxStep</process-id>
<process-name>PutApplicationPart3CmplxStep</process-name>
<process-version>1.0</process-version>
<process-instance-state>1</process-instance-state>
<container-id>hardcollect</container-id>
<initiator>bpm_rest</initiator>
<start-date>2018-11-16T18:57:41.297+03:00</start-date>
<process-instance-desc>PutApplicationPart3CmplxStep</process-instance-desc>
<correlation-key/>
<parent-instance-id>2875</parent-instance-id>
</process-instance>
<process-instance>
<process-instance-id>3016</process-instance-id>
<process-id>hardcollect.PutApplicationPart3CmplxStep</process-id>
<process-name>PutApplicationPart3CmplxStep</process-name>
<process-version>1.0</process-version>
<process-instance-state>1</process-instance-state>
<container-id>hardcollect</container-id>
<initiator>bpm_rest</initiator>
<start-date>2018-11-16T18:58:07.179+03:00</start-date>
<process-instance-desc>PutApplicationPart3CmplxStep</process-instance-desc>
<correlation-key/>
<parent-instance-id>2892</parent-instance-id>
</process-instance>
<process-instance>
<process-instance-id>3029</process-instance-id>
<process-id>hardcollect.PutApplicationPart3CmplxStep</process-id>
<process-name>PutApplicationPart3CmplxStep</process-name>
<process-version>1.0</process-version>
<process-instance-state>1</process-instance-state>
<container-id>hardcollect</container-id>
<initiator>bpm_rest</initiator>
<start-date>2018-11-16T18:58:22.230+03:00</start-date>
<process-instance-desc>PutApplicationPart3CmplxStep</process-instance-desc>
<correlation-key/>
<parent-instance-id>2909</parent-instance-id>
</process-instance>
<process-instance>
<process-instance-id>3042</process-instance-id>
<process-id>hardcollect.PutApplicationPart3CmplxStep</process-id>
<process-name>PutApplicationPart3CmplxStep</process-name>
<process-version>1.0</process-version>
<process-instance-state>1</process-instance-state>
<container-id>hardcollect</container-id>
<initiator>bpm_rest</initiator>
<start-date>2018-11-16T18:58:35.655+03:00</start-date>
<process-instance-desc>PutApplicationPart3CmplxStep</process-instance-desc>
<correlation-key/>
<parent-instance-id>2926</parent-instance-id>
</process-instance>
<process-instance>
<process-instance-id>3055</process-instance-id>
<process-id>hardcollect.PutApplicationPart3CmplxStep</process-id>
<process-name>PutApplicationPart3CmplxStep</process-name>
<process-version>1.0</process-version>
<process-instance-state>1</process-instance-state>
<container-id>hardcollect</container-id>
<initiator>bpm_rest</initiator>
<start-date>2018-11-16T18:58:49.627+03:00</start-date>
<process-instance-desc>PutApplicationPart3CmplxStep</process-instance-desc>
<correlation-key/>
<parent-instance-id>2943</parent-instance-id>
</process-instance>
<process-instance>
<process-instance-id>3344</process-instance-id>
<process-id>hardcollect.BankrFinRecovery</process-id>
<process-name>BankrFinRecovery</process-name>
<process-version>1.0</process-version>
<process-instance-state>1</process-instance-state>
<container-id>hardcollect</container-id>
<initiator>bpm_rest</initiator>
<start-date>2018-11-19T11:23:13.524+03:00</start-date>
<process-instance-desc>BankrFinRecovery</process-instance-desc>
<correlation-key/>
<parent-instance-id>2858</parent-instance-id>
</process-instance>
<process-instance>
<process-instance-id>3362</process-instance-id>
<process-id>hardcollect.BankrFinRecovery</process-id>
<process-name>BankrFinRecovery</process-name>
<process-version>1.0</process-version>
<process-instance-state>1</process-instance-state>
<container-id>hardcollect</container-id>
<initiator>bpm_rest</initiator>
<start-date>2018-11-19T11:26:42.816+03:00</start-date>
<process-instance-desc>BankrFinRecovery</process-instance-desc>
<correlation-key/>
<parent-instance-id>2824</parent-instance-id>
</process-instance>
<process-instance>
<process-instance-id>3380</process-instance-id>
<process-id>hardcollect.BankrFinRecovery</process-id>
<process-name>BankrFinRecovery</process-name>
<process-version>1.0</process-version>
<process-instance-state>1</process-instance-state>
<container-id>hardcollect</container-id>
<initiator>bpm_rest</initiator>
<start-date>2018-11-19T11:27:18.909+03:00</start-date>
<process-instance-desc>BankrFinRecovery</process-instance-desc>
<correlation-key/>
<parent-instance-id>2841</parent-instance-id>
</process-instance>
<process-instance>
<process-instance-id>3390</process-instance-id>
<process-id>hardcollect.BankrFinRecoveryStep</process-id>
<process-name>BankrFinRecoveryStep</process-name>
<process-version>1.0</process-version>
<process-instance-state>1</process-instance-state>
<container-id>hardcollect</container-id>
<initiator>bpm_rest</initiator>
<start-date>2018-11-19T11:27:19.475+03:00</start-date>
<process-instance-desc>BankrFinRecoveryStep</process-instance-desc>
<correlation-key/>
<parent-instance-id>3380</parent-instance-id>
</process-instance>
<process-instance>
<process-instance-id>3392</process-instance-id>
<process-id>hardcollect.debtorProcess</process-id>
<process-name>debtorProcess</process-name>
<process-version>1.0</process-version>
<process-instance-state>1</process-instance-state>
<container-id>hardcollect</container-id>
<initiator>bpm_rest</initiator>
<start-date>2018-11-19T11:46:23.551+03:00</start-date>
<process-instance-desc>debtorProcess</process-instance-desc>
<correlation-key/>
<parent-instance-id>-1</parent-instance-id>
</process-instance>
<process-instance>
<process-instance-id>3508</process-instance-id>
<process-id>hardcollect.Precollection</process-id>
<process-name>Precollection</process-name>
<process-version>1.0</process-version>
<process-instance-state>1</process-instance-state>
<container-id>hardcollect</container-id>
<initiator>bpm_rest</initiator>
<start-date>2018-11-19T11:56:23.472+03:00</start-date>
<process-instance-desc>Precollection</process-instance-desc>
<correlation-key/>
<parent-instance-id>-1</parent-instance-id>
</process-instance>
<process-instance>
<process-instance-id>3657</process-instance-id>
<process-id>hardcollect.ActionChooseTool</process-id>
<process-name>ActionChooseTool</process-name>
<process-version>1.0</process-version>
<process-instance-state>1</process-instance-state>
<container-id>hardcollect</container-id>
<initiator>unknown</initiator>
<start-date>2018-11-19T12:13:18.022+03:00</start-date>
<process-instance-desc>ActionChooseTool</process-instance-desc>
<correlation-key/>
<parent-instance-id>3508</parent-instance-id>
</process-instance>
<process-instance>
<process-instance-id>3659</process-instance-id>
<process-id>hardcollect.PutApplication</process-id>
<process-name>PutApplication</process-name>
<process-version>1.0</process-version>
<process-instance-state>1</process-instance-state>
<container-id>hardcollect</container-id>
<initiator>unknown</initiator>
<start-date>2018-11-19T12:13:18.213+03:00</start-date>
<process-instance-desc>PutApplication</process-instance-desc>
<correlation-key/>
<parent-instance-id>3657</parent-instance-id>
</process-instance>
<process-instance>
<process-instance-id>3678</process-instance-id>
<process-id>hardcollect.PutApplication</process-id>
<process-name>PutApplication</process-name>
<process-version>1.0</process-version>
<process-instance-state>1</process-instance-state>
<container-id>hardcollect</container-id>
<initiator>unknown</initiator>
<start-date>2018-11-19T12:13:20.019+03:00</start-date>
<process-instance-desc>PutApplication</process-instance-desc>
<correlation-key/>
<parent-instance-id>3657</parent-instance-id>
</process-instance>
<process-instance>
<process-instance-id>3697</process-instance-id>
<process-id>hardcollect.PutApplication</process-id>
<process-name>PutApplication</process-name>
<process-version>1.0</process-version>
<process-instance-state>1</process-instance-state>
<container-id>hardcollect</container-id>
<initiator>unknown</initiator>
<start-date>2018-11-19T12:13:22.123+03:00</start-date>
<process-instance-desc>PutApplication</process-instance-desc>
<correlation-key/>
<parent-instance-id>3657</parent-instance-id>
</process-instance>
<process-instance>
<process-instance-id>3716</process-instance-id>
<process-id>hardcollect.PutApplication</process-id>
<process-name>PutApplication</process-name>
<process-version>1.0</process-version>
<process-instance-state>1</process-instance-state>
<container-id>hardcollect</container-id>
<initiator>unknown</initiator>
<start-date>2018-11-19T12:13:24.170+03:00</start-date>
<process-instance-desc>PutApplication</process-instance-desc>
<correlation-key/>
<parent-instance-id>3657</parent-instance-id>
</process-instance>
<process-instance>
<process-instance-id>3869</process-instance-id>
<process-id>hardcollect.PutApplicationPart3</process-id>
<process-name>PutApplicationPart3</process-name>
<process-version>1.0</process-version>
<process-instance-state>1</process-instance-state>
<container-id>hardcollect</container-id>
<initiator>bpm_rest</initiator>
<start-date>2018-11-19T12:33:44.212+03:00</start-date>
<process-instance-desc>PutApplicationPart3</process-instance-desc>
<correlation-key/>
<parent-instance-id>3659</parent-instance-id>
</process-instance>
<process-instance>
<process-instance-id>3920</process-instance-id>
<process-id>hardcollect.Observation</process-id>
<process-name>Observation</process-name>
<process-version>1.0</process-version>
<process-instance-state>1</process-instance-state>
<container-id>hardcollect</container-id>
<initiator>bpm_rest</initiator>
<start-date>2018-11-19T12:36:09.985+03:00</start-date>
<process-instance-desc>Observation</process-instance-desc>
<correlation-key/>
<parent-instance-id>3869</parent-instance-id>
</process-instance>
<process-instance>
<process-instance-id>3943</process-instance-id>
<process-id>hardcollect.PublicationsInfo</process-id>
<process-name>PublicationsInfo</process-name>
<process-version>1.0</process-version>
<process-instance-state>1</process-instance-state>
<container-id>hardcollect</container-id>
<initiator>bpm_rest</initiator>
<start-date>2018-11-19T12:36:12.316+03:00</start-date>
<process-instance-desc>PublicationsInfo</process-instance-desc>
<correlation-key/>
<parent-instance-id>3920</parent-instance-id>
</process-instance>
<process-instance>
<process-instance-id>4057</process-instance-id>
<process-id>hardcollect.MaterialsForYOB</process-id>
<process-name>MaterialsForYOB</process-name>
<process-version>1.0</process-version>
<process-instance-state>1</process-instance-state>
<container-id>hardcollect</container-id>
<initiator>bpm_rest</initiator>
<start-date>2018-11-19T12:46:10.667+03:00</start-date>
<process-instance-desc>MaterialsForYOB</process-instance-desc>
<correlation-key/>
<parent-instance-id>3344</parent-instance-id>
</process-instance>
<process-instance>
<process-instance-id>4058</process-instance-id>
<process-id>hardcollect.MaterialsForYOBSub</process-id>
<process-name>MaterialsForYOBSub</process-name>
<process-version>1.0</process-version>
<process-instance-state>1</process-instance-state>
<container-id>hardcollect</container-id>
<initiator>bpm_rest</initiator>
<start-date>2018-11-19T12:46:10.704+03:00</start-date>
<process-instance-desc>MaterialsForYOBSub</process-instance-desc>
<correlation-key/>
<parent-instance-id>4057</parent-instance-id>
</process-instance>
<process-instance>
<process-instance-id>4271</process-instance-id>
<process-id>hardcollect.PutApplicationPart3</process-id>
<process-name>PutApplicationPart3</process-name>
<process-version>1.0</process-version>
<process-instance-state>1</process-instance-state>
<container-id>hardcollect</container-id>
<initiator>bpm_rest</initiator>
<start-date>2018-11-19T13:15:02.046+03:00</start-date>
<process-instance-desc>PutApplicationPart3</process-instance-desc>
<correlation-key/>
<parent-instance-id>3697</parent-instance-id>
</process-instance>
<process-instance>
<process-instance-id>4330</process-instance-id>
<process-id>hardcollect.Observation</process-id>
<process-name>Observation</process-name>
<process-version>1.0</process-version>
<process-instance-state>1</process-instance-state>
<container-id>hardcollect</container-id>
<initiator>bpm_rest</initiator>
<start-date>2018-11-19T13:18:13.300+03:00</start-date>
<process-instance-desc>Observation</process-instance-desc>
<correlation-key/>
<parent-instance-id>4271</parent-instance-id>
</process-instance>
<process-instance>
<process-instance-id>4331</process-instance-id>
<process-id>hardcollect.PublicationsInfo</process-id>
<process-name>PublicationsInfo</process-name>
<process-version>1.0</process-version>
<process-instance-state>1</process-instance-state>
<container-id>hardcollect</container-id>
<initiator>bpm_rest</initiator>
<start-date>2018-11-19T13:18:13.342+03:00</start-date>
<process-instance-desc>PublicationsInfo</process-instance-desc>
<correlation-key/>
<parent-instance-id>4330</parent-instance-id>
</process-instance>
<process-instance>
<process-instance-id>4466</process-instance-id>
<process-id>hardcollect.PutApplicationPart3</process-id>
<process-name>PutApplicationPart3</process-name>
<process-version>1.0</process-version>
<process-instance-state>1</process-instance-state>
<container-id>hardcollect</container-id>
<initiator>bpm_rest</initiator>
<start-date>2018-11-19T13:22:11.508+03:00</start-date>
<process-instance-desc>PutApplicationPart3</process-instance-desc>
<correlation-key/>
<parent-instance-id>3716</parent-instance-id>
</process-instance>
<process-instance>
<process-instance-id>4517</process-instance-id>
<process-id>hardcollect.Observation</process-id>
<process-name>Observation</process-name>
<process-version>1.0</process-version>
<process-instance-state>1</process-instance-state>
<container-id>hardcollect</container-id>
<initiator>bpm_rest</initiator>
<start-date>2018-11-19T13:26:38.775+03:00</start-date>
<process-instance-desc>Observation</process-instance-desc>
<correlation-key/>
<parent-instance-id>4466</parent-instance-id>
</process-instance>
<process-instance>
<process-instance-id>4540</process-instance-id>
<process-id>hardcollect.PublicationsInfo</process-id>
<process-name>PublicationsInfo</process-name>
<process-version>1.0</process-version>
<process-instance-state>1</process-instance-state>
<container-id>hardcollect</container-id>
<initiator>bpm_rest</initiator>
<start-date>2018-11-19T13:26:39.804+03:00</start-date>
<process-instance-desc>PublicationsInfo</process-instance-desc>
<correlation-key/>
<parent-instance-id>4517</parent-instance-id>
</process-instance>
<process-instance>
<process-instance-id>4655</process-instance-id>
<process-id>hardcollect.PutApplicationPart3</process-id>
<process-name>PutApplicationPart3</process-name>
<process-version>1.0</process-version>
<process-instance-state>1</process-instance-state>
<container-id>hardcollect</container-id>
<initiator>bpm_rest</initiator>
<start-date>2018-11-19T13:49:15.727+03:00</start-date>
<process-instance-desc>PutApplicationPart3</process-instance-desc>
<correlation-key/>
<parent-instance-id>3678</parent-instance-id>
</process-instance>
<process-instance>
<process-instance-id>4729</process-instance-id>
<process-id>hardcollect.Observation</process-id>
<process-name>Observation</process-name>
<process-version>1.0</process-version>
<process-instance-state>1</process-instance-state>
<container-id>hardcollect</container-id>
<initiator>bpm_rest</initiator>
<start-date>2018-11-19T13:51:03.969+03:00</start-date>
<process-instance-desc>Observation</process-instance-desc>
<correlation-key/>
<parent-instance-id>4655</parent-instance-id>
</process-instance>
<process-instance>
<process-instance-id>4752</process-instance-id>
<process-id>hardcollect.PublicationsInfo</process-id>
<process-name>PublicationsInfo</process-name>
<process-version>1.0</process-version>
<process-instance-state>1</process-instance-state>
<container-id>hardcollect</container-id>
<initiator>bpm_rest</initiator>
<start-date>2018-11-19T13:51:05.077+03:00</start-date>
<process-instance-desc>PublicationsInfo</process-instance-desc>
<correlation-key/>
<parent-instance-id>4729</parent-instance-id>
</process-instance>
<process-instance>
<process-instance-id>4783</process-instance-id>
<process-id>hardcollect.Precollection</process-id>
<process-name>Precollection</process-name>
<process-version>1.0</process-version>
<process-instance-state>1</process-instance-state>
<container-id>hardcollect</container-id>
<initiator>bpm_rest</initiator>
<start-date>2018-11-19T14:07:07.417+03:00</start-date>
<process-instance-desc>Precollection</process-instance-desc>
<correlation-key/>
<parent-instance-id>-1</parent-instance-id>
</process-instance>
<process-instance>
<process-instance-id>4955</process-instance-id>
<process-id>hardcollect.ActionChooseTool</process-id>
<process-name>ActionChooseTool</process-name>
<process-version>1.0</process-version>
<process-instance-state>1</process-instance-state>
<container-id>hardcollect</container-id>
<initiator>unknown</initiator>
<start-date>2018-11-19T14:34:14.586+03:00</start-date>
<process-instance-desc>ActionChooseTool</process-instance-desc>
<correlation-key/>
<parent-instance-id>4783</parent-instance-id>
</process-instance>
<process-instance>
<process-instance-id>4957</process-instance-id>
<process-id>hardcollect.CompulsoryCollection</process-id>
<process-name>CompulsoryCollection</process-name>
<process-version>1.0</process-version>
<process-instance-state>1</process-instance-state>
<container-id>hardcollect</container-id>
<initiator>unknown</initiator>
<start-date>2018-11-19T14:34:15.410+03:00</start-date>
<process-instance-desc>CompulsoryCollection</process-instance-desc>
<correlation-key/>
<parent-instance-id>4955</parent-instance-id>
</process-instance>
<process-instance>
<process-instance-id>4981</process-instance-id>
<process-id>hardcollect.MeasuresConditions</process-id>
<process-name>MeasuresConditions</process-name>
<process-version>1.0</process-version>
<process-instance-state>1</process-instance-state>
<container-id>hardcollect</container-id>
<initiator>unknown</initiator>
<start-date>2018-11-19T14:34:19.310+03:00</start-date>
<process-instance-desc>MeasuresConditions</process-instance-desc>
<correlation-key/>
<parent-instance-id>4957</parent-instance-id>
</process-instance>
<process-instance>
<process-instance-id>5102</process-instance-id>
<process-id>hardcollect.PublicationsInfoStep</process-id>
<process-name>PublicationsInfoStep</process-name>
<process-version>1.0</process-version>
<process-instance-state>1</process-instance-state>
<container-id>hardcollect</container-id>
<initiator>bpm_rest</initiator>
<start-date>2018-11-19T15:19:49.608+03:00</start-date>
<process-instance-desc>PublicationsInfoStep</process-instance-desc>
<correlation-key/>
<parent-instance-id>3943</parent-instance-id>
</process-instance>
<process-instance>
<process-instance-id>5119</process-instance-id>
<process-id>hardcollect.PublicationsInfoStep</process-id>
<process-name>PublicationsInfoStep</process-name>
<process-version>1.0</process-version>
<process-instance-state>1</process-instance-state>
<container-id>hardcollect</container-id>
<initiator>bpm_rest</initiator>
<start-date>2018-11-19T15:21:32.228+03:00</start-date>
<process-instance-desc>PublicationsInfoStep</process-instance-desc>
<correlation-key/>
<parent-instance-id>4752</parent-instance-id>
</process-instance>
<process-instance>
<process-instance-id>5136</process-instance-id>
<process-id>hardcollect.PublicationsInfoStep</process-id>
<process-name>PublicationsInfoStep</process-name>
<process-version>1.0</process-version>
<process-instance-state>1</process-instance-state>
<container-id>hardcollect</container-id>
<initiator>bpm_rest</initiator>
<start-date>2018-11-19T15:21:59.341+03:00</start-date>
<process-instance-desc>PublicationsInfoStep</process-instance-desc>
<correlation-key/>
<parent-instance-id>4540</parent-instance-id>
</process-instance>
<process-instance>
<process-instance-id>5186</process-instance-id>
<process-id>hardcollect.PublicationsInfoStep</process-id>
<process-name>PublicationsInfoStep</process-name>
<process-version>1.0</process-version>
<process-instance-state>1</process-instance-state>
<container-id>hardcollect</container-id>
<initiator>bpm_rest</initiator>
<start-date>2018-11-19T15:31:28.763+03:00</start-date>
<process-instance-desc>PublicationsInfoStep</process-instance-desc>
<correlation-key/>
<parent-instance-id>4331</parent-instance-id>
</process-instance>
<process-instance>
<process-instance-id>5447</process-instance-id>
<process-id>hardcollect.CompetitiveProduction</process-id>
<process-name>CompetitiveProduction</process-name>
<process-version>1.0</process-version>
<process-instance-state>1</process-instance-state>
<container-id>hardcollect</container-id>
<initiator>bpm_rest</initiator>
<start-date>2018-11-19T18:00:13.479+03:00</start-date>
<process-instance-desc>CompetitiveProduction</process-instance-desc>
<correlation-key/>
<parent-instance-id>3362</parent-instance-id>
</process-instance>
<process-instance>
<process-instance-id>5457</process-instance-id>
<process-id>hardcollect.CompetitiveProductionStep</process-id>
<process-name>CompetitiveProductionStep</process-name>
<process-version>1.0</process-version>
<process-instance-state>1</process-instance-state>
<container-id>hardcollect</container-id>
<initiator>bpm_rest</initiator>
<start-date>2018-11-19T18:00:14.759+03:00</start-date>
<process-instance-desc>CompetitiveProductionStep</process-instance-desc>
<correlation-key/>
<parent-instance-id>5447</parent-instance-id>
</process-instance>
<process-instance>
<process-instance-id>5561</process-instance-id>
<process-id>hardcollect.SimpleStepYOB</process-id>
<process-name>SimpleStepYOB</process-name>
<process-version>1.0</process-version>
<process-instance-state>1</process-instance-state>
<container-id>hardcollect</container-id>
<initiator>bpm_rest</initiator>
<start-date>2018-11-19T18:08:11.282+03:00</start-date>
<process-instance-desc>SimpleStepYOB</process-instance-desc>
<correlation-key/>
<parent-instance-id>4058</parent-instance-id>
</process-instance>
<process-instance>
<process-instance-id>5660</process-instance-id>
<process-id>hardcollect.ObservationStep</process-id>
<process-name>ObservationStep</process-name>
<process-version>1.0</process-version>
<process-instance-state>1</process-instance-state>
<container-id>hardcollect</container-id>
<initiator>bpm_rest</initiator>
<start-date>2018-11-19T18:12:11.754+03:00</start-date>
<process-instance-desc>ObservationStep</process-instance-desc>
<correlation-key/>
<parent-instance-id>4517</parent-instance-id>
</process-instance>
<process-instance>
<process-instance-id>5838</process-instance-id>
<process-id>hardcollect.ObservationStep</process-id>
<process-name>ObservationStep</process-name>
<process-version>1.0</process-version>
<process-instance-state>1</process-instance-state>
<container-id>hardcollect</container-id>
<initiator>bpm_rest</initiator>
<start-date>2018-11-19T18:43:07.845+03:00</start-date>
<process-instance-desc>ObservationStep</process-instance-desc>
<correlation-key/>
<parent-instance-id>3920</parent-instance-id>
</process-instance>
<process-instance>
<process-instance-id>5942</process-instance-id>
<process-id>hardcollect.ObservationStep</process-id>
<process-name>ObservationStep</process-name>
<process-version>1.0</process-version>
<process-instance-state>1</process-instance-state>
<container-id>hardcollect</container-id>
<initiator>bpm_rest</initiator>
<start-date>2018-11-19T18:46:58.837+03:00</start-date>
<process-instance-desc>ObservationStep</process-instance-desc>
<correlation-key/>
<parent-instance-id>4330</parent-instance-id>
</process-instance>
<process-instance>
<process-instance-id>5956</process-instance-id>
<process-id>hardcollect.ObservationStep</process-id>
<process-name>ObservationStep</process-name>
<process-version>1.0</process-version>
<process-instance-state>1</process-instance-state>
<container-id>hardcollect</container-id>
<initiator>unknown</initiator>
<start-date>2018-11-19T18:55:14.226+03:00</start-date>
<process-instance-desc>ObservationStep</process-instance-desc>
<correlation-key/>
<parent-instance-id>4729</parent-instance-id>
</process-instance>
<process-instance>
<process-instance-id>5967</process-instance-id>
<process-id>hardcollect.Precollection</process-id>
<process-name>Precollection</process-name>
<process-version>1.0</process-version>
<process-instance-state>1</process-instance-state>
<container-id>hardcollect</container-id>
<initiator>bpm_rest</initiator>
<start-date>2018-11-20T08:36:51.269+03:00</start-date>
<process-instance-desc>Precollection</process-instance-desc>
<correlation-key/>
<parent-instance-id>-1</parent-instance-id>
</process-instance>
<process-instance>
<process-instance-id>6082</process-instance-id>
<process-id>hardcollect.AssignmentForUOB</process-id>
<process-name>AssignmentForUOB</process-name>
<process-version>1.0</process-version>
<process-instance-state>1</process-instance-state>
<container-id>hardcollect</container-id>
<initiator>bpm_rest</initiator>
<start-date>2018-11-20T08:52:11.456+03:00</start-date>
<process-instance-desc>AssignmentForUOB</process-instance-desc>
<correlation-key/>
<parent-instance-id>-1</parent-instance-id>
</process-instance>
<process-instance>
<process-instance-id>6093</process-instance-id>
<process-id>hardcollect.SimpleStepYOB</process-id>
<process-name>SimpleStepYOB</process-name>
<process-version>1.0</process-version>
<process-instance-state>1</process-instance-state>
<container-id>hardcollect</container-id>
<initiator>bpm_rest</initiator>
<start-date>2018-11-20T08:52:12.537+03:00</start-date>
<process-instance-desc>SimpleStepYOB</process-instance-desc>
<correlation-key/>
<parent-instance-id>6082</parent-instance-id>
</process-instance>
<process-instance>
<process-instance-id>6097</process-instance-id>
<process-id>hardcollect.ActionChooseTool</process-id>
<process-name>ActionChooseTool</process-name>
<process-version>1.0</process-version>
<process-instance-state>1</process-instance-state>
<container-id>hardcollect</container-id>
<initiator>unknown</initiator>
<start-date>2018-11-20T08:52:13.505+03:00</start-date>
<process-instance-desc>ActionChooseTool</process-instance-desc>
<correlation-key/>
<parent-instance-id>5967</parent-instance-id>
</process-instance>
<process-instance>
<process-instance-id>6099</process-instance-id>
<process-id>hardcollect.PutApplication</process-id>
<process-name>PutApplication</process-name>
<process-version>1.0</process-version>
<process-instance-state>1</process-instance-state>
<container-id>hardcollect</container-id>
<initiator>unknown</initiator>
<start-date>2018-11-20T08:52:13.770+03:00</start-date>
<process-instance-desc>PutApplication</process-instance-desc>
<correlation-key/>
<parent-instance-id>6097</parent-instance-id>
</process-instance>
<process-instance>
<process-instance-id>6105</process-instance-id>
<process-id>hardcollect.PutApplicationPart1</process-id>
<process-name>PutApplicationPart1</process-name>
<process-version>1.0</process-version>
<process-instance-state>1</process-instance-state>
<container-id>hardcollect</container-id>
<initiator>unknown</initiator>
<start-date>2018-11-20T08:52:14.424+03:00</start-date>
<process-instance-desc>PutApplicationPart1</process-instance-desc>
<correlation-key/>
<parent-instance-id>6099</parent-instance-id>
</process-instance>
<process-instance>
<process-instance-id>6114</process-instance-id>
<process-id>hardcollect.PutApplicationPart1Step</process-id>
<process-name>PutApplicationPart1Step</process-name>
<process-version>1.0</process-version>
<process-instance-state>1</process-instance-state>
<container-id>hardcollect</container-id>
<initiator>unknown</initiator>
<start-date>2018-11-20T08:52:15.499+03:00</start-date>
<process-instance-desc>PutApplicationPart1Step</process-instance-desc>
<correlation-key/>
<parent-instance-id>6105</parent-instance-id>
</process-instance>
<process-instance>
<process-instance-id>6116</process-instance-id>
<process-id>hardcollect.PutApplicationPart1Step</process-id>
<process-name>PutApplicationPart1Step</process-name>
<process-version>1.0</process-version>
<process-instance-state>1</process-instance-state>
<container-id>hardcollect</container-id>
<initiator>unknown</initiator>
<start-date>2018-11-20T08:52:15.698+03:00</start-date>
<process-instance-desc>PutApplicationPart1Step</process-instance-desc>
<correlation-key/>
<parent-instance-id>6105</parent-instance-id>
</process-instance>
<process-instance>
<process-instance-id>6118</process-instance-id>
<process-id>hardcollect.PutApplication</process-id>
<process-name>PutApplication</process-name>
<process-version>1.0</process-version>
<process-instance-state>1</process-instance-state>
<container-id>hardcollect</container-id>
<initiator>unknown</initiator>
<start-date>2018-11-20T08:52:15.910+03:00</start-date>
<process-instance-desc>PutApplication</process-instance-desc>
<correlation-key/>
<parent-instance-id>6097</parent-instance-id>
</process-instance>
<process-instance>
<process-instance-id>6137</process-instance-id>
<process-id>hardcollect.PutApplication</process-id>
<process-name>PutApplication</process-name>
<process-version>1.0</process-version>
<process-instance-state>1</process-instance-state>
<container-id>hardcollect</container-id>
<initiator>unknown</initiator>
<start-date>2018-11-20T08:52:18.062+03:00</start-date>
<process-instance-desc>PutApplication</process-instance-desc>
<correlation-key/>
<parent-instance-id>6097</parent-instance-id>
</process-instance>
<process-instance>
<process-instance-id>6143</process-instance-id>
<process-id>hardcollect.PutApplicationPart1</process-id>
<process-name>PutApplicationPart1</process-name>
<process-version>1.0</process-version>
<process-instance-state>1</process-instance-state>
<container-id>hardcollect</container-id>
<initiator>unknown</initiator>
<start-date>2018-11-20T08:52:18.677+03:00</start-date>
<process-instance-desc>PutApplicationPart1</process-instance-desc>
<correlation-key/>
<parent-instance-id>6137</parent-instance-id>
</process-instance>
<process-instance>
<process-instance-id>6167</process-instance-id>
<process-id>hardcollect.PutApplicationPart1Step</process-id>
<process-name>PutApplicationPart1Step</process-name>
<process-version>1.0</process-version>
<process-instance-state>1</process-instance-state>
<container-id>hardcollect</container-id>
<initiator>bpm_rest</initiator>
<start-date>2018-11-20T08:55:23.900+03:00</start-date>
<process-instance-desc>PutApplicationPart1Step</process-instance-desc>
<correlation-key/>
<parent-instance-id>6143</parent-instance-id>
</process-instance>
<process-instance>
<process-instance-id>6221</process-instance-id>
<process-id>hardcollect.MaterialsForYOB</process-id>
<process-name>MaterialsForYOB</process-name>
<process-version>1.0</process-version>
<process-instance-state>1</process-instance-state>
<container-id>hardcollect</container-id>
<initiator>bpm_rest</initiator>
<start-date>2018-11-20T08:59:58.940+03:00</start-date>
<process-instance-desc>MaterialsForYOB</process-instance-desc>
<correlation-key/>
<parent-instance-id>6118</parent-instance-id>
</process-instance>
<process-instance>
<process-instance-id>6222</process-instance-id>
<process-id>hardcollect.MaterialsForYOBSub</process-id>
<process-name>MaterialsForYOBSub</process-name>
<process-version>1.0</process-version>
<process-instance-state>1</process-instance-state>
<container-id>hardcollect</container-id>
<initiator>bpm_rest</initiator>
<start-date>2018-11-20T08:59:58.978+03:00</start-date>
<process-instance-desc>MaterialsForYOBSub</process-instance-desc>
<correlation-key/>
<parent-instance-id>6221</parent-instance-id>
</process-instance>
<process-instance>
<process-instance-id>6242</process-instance-id>
<process-id>hardcollect.SimpleStepYOB</process-id>
<process-name>SimpleStepYOB</process-name>
<process-version>1.0</process-version>
<process-instance-state>1</process-instance-state>
<container-id>hardcollect</container-id>
<initiator>bpm_rest</initiator>
<start-date>2018-11-20T09:01:03.982+03:00</start-date>
<process-instance-desc>SimpleStepYOB</process-instance-desc>
<correlation-key/>
<parent-instance-id>6222</parent-instance-id>
</process-instance>
<process-instance>
<process-instance-id>6246</process-instance-id>
<process-id>hardcollect.Rental</process-id>
<process-name>Rental</process-name>
<process-version>1.0</process-version>
<process-instance-state>1</process-instance-state>
<container-id>hardcollect</container-id>
<initiator>bpm_rest</initiator>
<start-date>2018-11-20T09:06:13.011+03:00</start-date>
<process-instance-desc>Rental</process-instance-desc>
<correlation-key/>
<parent-instance-id>-1</parent-instance-id>
</process-instance>
<process-instance>
<process-instance-id>6302</process-instance-id>
<process-id>hardcollect.MaterialsForYOB</process-id>
<process-name>MaterialsForYOB</process-name>
<process-version>1.0</process-version>
<process-instance-state>1</process-instance-state>
<container-id>hardcollect</container-id>
<initiator>bpm_rest</initiator>
<start-date>2018-11-20T09:09:18.597+03:00</start-date>
<process-instance-desc>MaterialsForYOB</process-instance-desc>
<correlation-key/>
<parent-instance-id>6246</parent-instance-id>
</process-instance>
<process-instance>
<process-instance-id>6303</process-instance-id>
<process-id>hardcollect.MaterialsForYOBSub</process-id>
<process-name>MaterialsForYOBSub</process-name>
<process-version>1.0</process-version>
<process-instance-state>1</process-instance-state>
<container-id>hardcollect</container-id>
<initiator>bpm_rest</initiator>
<start-date>2018-11-20T09:09:18.635+03:00</start-date>
<process-instance-desc>MaterialsForYOBSub</process-instance-desc>
<correlation-key/>
<parent-instance-id>6302</parent-instance-id>
</process-instance>
<process-instance>
<process-instance-id>6323</process-instance-id>
<process-id>hardcollect.SimpleStepYOB</process-id>
<process-name>SimpleStepYOB</process-name>
<process-version>1.0</process-version>
<process-instance-state>1</process-instance-state>
<container-id>hardcollect</container-id>
<initiator>bpm_rest</initiator>
<start-date>2018-11-20T09:09:58.223+03:00</start-date>
<process-instance-desc>SimpleStepYOB</process-instance-desc>
<correlation-key/>
<parent-instance-id>6303</parent-instance-id>
</process-instance>
<process-instance>
<process-instance-id>6327</process-instance-id>
<process-id>hardcollect.FinancialRecovery</process-id>
<process-name>FinancialRecovery</process-name>
<process-version>1.0</process-version>
<process-instance-state>1</process-instance-state>
<container-id>hardcollect</container-id>
<initiator>bpm_rest</initiator>
<start-date>2018-11-20T09:10:53.204+03:00</start-date>
<process-instance-desc>FinancialRecovery</process-instance-desc>
<correlation-key/>
<parent-instance-id>-1</parent-instance-id>
</process-instance>
<process-instance>
<process-instance-id>6344</process-instance-id>
<process-id>hardcollect.FinancialRecoveryTerm</process-id>
<process-name>FinancialRecoveryTerm</process-name>
<process-version>1.0</process-version>
<process-instance-state>1</process-instance-state>
<container-id>hardcollect</container-id>
<initiator>bpm_rest</initiator>
<start-date>2018-11-20T09:12:09.752+03:00</start-date>
<process-instance-desc>FinancialRecoveryTerm</process-instance-desc>
<correlation-key/>
<parent-instance-id>6327</parent-instance-id>
</process-instance>
<process-instance>
<process-instance-id>6396</process-instance-id>
<process-id>hardcollect.FinancialRecoveryTermStep</process-id>
<process-name>FinancialRecoveryTermStep</process-name>
<process-version>1.0</process-version>
<process-instance-state>1</process-instance-state>
<container-id>hardcollect</container-id>
<initiator>bpm_rest</initiator>
<start-date>2018-11-20T09:28:01.913+03:00</start-date>
<process-instance-desc>FinancialRecoveryTermStep</process-instance-desc>
<correlation-key/>
<parent-instance-id>6344</parent-instance-id>
</process-instance>
<process-instance>
<process-instance-id>6398</process-instance-id>
<process-id>hardcollect.Rental</process-id>
<process-name>Rental</process-name>
<process-version>1.0</process-version>
<process-instance-state>1</process-instance-state>
<container-id>hardcollect</container-id>
<initiator>bpm_rest</initiator>
<start-date>2018-11-20T09:30:14.098+03:00</start-date>
<process-instance-desc>Rental</process-instance-desc>
<correlation-key/>
<parent-instance-id>-1</parent-instance-id>
</process-instance>
<process-instance>
<process-instance-id>6441</process-instance-id>
<process-id>hardcollect.MaterialsForYOB</process-id>
<process-name>MaterialsForYOB</process-name>
<process-version>1.0</process-version>
<process-instance-state>1</process-instance-state>
<container-id>hardcollect</container-id>
<initiator>bpm_rest</initiator>
<start-date>2018-11-20T09:30:50.524+03:00</start-date>
<process-instance-desc>MaterialsForYOB</process-instance-desc>
<correlation-key/>
<parent-instance-id>6398</parent-instance-id>
</process-instance>
<process-instance>
<process-instance-id>6479</process-instance-id>
<process-id>hardcollect.MaterialsForYOBSub</process-id>
<process-name>MaterialsForYOBSub</process-name>
<process-version>1.0</process-version>
<process-instance-state>1</process-instance-state>
<container-id>hardcollect</container-id>
<initiator>bpm_rest</initiator>
<start-date>2018-11-20T09:32:51.237+03:00</start-date>
<process-instance-desc>MaterialsForYOBSub</process-instance-desc>
<correlation-key/>
<parent-instance-id>6441</parent-instance-id>
</process-instance>
<process-instance>
<process-instance-id>6499</process-instance-id>
<process-id>hardcollect.SimpleStepYOB</process-id>
<process-name>SimpleStepYOB</process-name>
<process-version>1.0</process-version>
<process-instance-state>1</process-instance-state>
<container-id>hardcollect</container-id>
<initiator>bpm_rest</initiator>
<start-date>2018-11-20T09:34:30.341+03:00</start-date>
<process-instance-desc>SimpleStepYOB</process-instance-desc>
<correlation-key/>
<parent-instance-id>6479</parent-instance-id>
</process-instance>
</process-instance-list>