{
  "details": {
    "status": "OK",
    "errorDescription": null,
    "instanceId": 92279,
    "taskId": 6542
  },
  "data": {
    "isTenderOfPropertyMeeting": false,
    "Description": "{\"nodeName\":\"Внести информацию о результатах собрания кредиторов\",\"clientFullName\":\"Sizov_103\",\"taskName\":\"blocks\"}",
    "NodeName": "Внести информацию о результатах собрания кредиторов",
    "actionPlanItem": {
      "id": "dd4157e5-51fc-4b50-be9e-c661dcc477e4",
      "version": 2,
      "branchId": null,
      "sortOrder": null,
      "name": "Внести информацию о результатах собрания кредиторов",
      "description": "Внести информацию о результатах собрания кредиторов",
      "refId": 24002,
      "isReadonly": null,
      "isCompleted": false,
      "plannedStartDate": 1550567967047,
      "plannedCompleteDate": 1550654367047,
      "exactStartDate": 1550481605102,
      "exactCompleteDate": null,
      "taskResultList": null,
      "lawActNumber": null,
      "clientId": null,
      "recalculatedStartDate": null,
      "recalculatedCompleteDate": null,
      "recalculated": null,
      "actionPlanItemUI": null,
      "documentList": null
    },
    "applicationHeader": {
      "taskName": "blocks",
      "creationDate": 1550481605161,
      "expirationDate": 1550568005000,
      "userName": "Сизов Игорь Игоревич",
      "inn": "5270000301",
      "ogrn": null,
      "clientName": "Sizov_103",
      "clientCardId": "4ff75287-a1e1-473d-bbce-ae749b41d129",
      "clientIdentityId": "c76a0197-7f09-4c7c-a6b1-1e87f554859a",
      "kpp": null,
      "gszId": "801c36c8-cfbb-4317-8b0b-ed01dbaeb600",
      "gszName": "b5141",
      "segmentId": 2,
      "projectName": "b5141",
      "clientType": 2
    },
    "creditorsMeeting": {
      "id": "939178ea-2bf5-4710-bb1b-61499405017a",
      "version": 1,
      "bankruptcyProcId": null,
      "meetingDate": 1550439000000,
      "agenda": "swdfgh",
      "event": null,
      "documentList": null,
      "decisionText": null,
      "employerFio": null,
      "selfRegulatingOrg": null,
      "isFarmerAct": null,
      "procuratoryDoc": null,
      "protocolDoc": null,
      "voteDirectiveDoc": null,
      "partDirectiveDoc": null,
      "standingOrderDoc": null
    }
  }
}