<process-instance-list><process-instance>
        <process-instance-id>92712</process-instance-id>
        <process-instance-state>1</process-instance-state>
        <container-id>hardcollect.1.1</container-id>
        <start-date>2019-02-18T14:31:15.464+03:00</start-date>
        <process-instance-desc>StateInstAppealStep</process-instance-desc>
        <parent-instance-id>92704</parent-instance-id>
    <active-user-tasks>
        <task-summary>
            <task-id>6574</task-id>
            <task-name>22009</task-name>
            <task-description>{"nodeName":"Подготовить и направить жалобу в государственные инстанции","clientFullName":"Sizov_103","taskName":"blocks"}</task-description>
            <task-priority>0</task-priority>
            <task-actual-owner>ishakirov.RF.23</task-actual-owner>
            <task-created-on>2019-02-18T14:31:15.514+03:00</task-created-on>
            <task-activation-time>2019-02-18T14:31:15.514+03:00</task-activation-time>
            <task-proc-inst-id>92712</task-proc-inst-id>
            <task-proc-def-id>hardcollect.StateInstAppealStep</task-proc-def-id>
            </task-summary>
    </active-user-tasks>
    <entry>
            <key>IN_clientFullName</key>
            <value xmlns:xs="http://www.w3.org/2001/XMLSchema" xmlns:xsi="http://www.w3.org/2001/XMLSchema-instance" xsi:type="xs:string">Sizov_103</value>
        </entry>
        <entry>
            <key>IN_currentRef</key>
            <value xmlns:xs="http://www.w3.org/2001/XMLSchema" xmlns:xsi="http://www.w3.org/2001/XMLSchema-instance" xsi:type="xs:string">22009</value>
        </entry>
        <entry>
            <key>IN_applicationHeader</key>
            <value xmlns:xs="http://www.w3.org/2001/XMLSchema" xmlns:xsi="http://www.w3.org/2001/XMLSchema-instance" xsi:type="xs:string">ApplicationHeader [taskName=null, creationDate=null, expirationDate=null, userName=null, inn=5270000301, ogrn=null, clientName=Sizov_103, clientCardId=4ff75287-a1e1-473d-bbce-ae749b41d129, clientIdentityId=c76a0197-7f09-4c7c-a6b1-1e87f554859a, kpp=null, g</value>
        </entry>
        </process-instance>
</process-instance-list>
