<?xml version="1.0" encoding="UTF-8"?><soapenv:Envelope xmlns:soapenv="http://schemas.xmlsoap.org/soap/envelope/"><soapenv:Body><p:checkPhoneResponse xmlns:p="http://askk-references/blacklists/checks">
  <result>
    <hits>
      <BlackListHit>
        <id>3160ECA80C51473E9F311B30D9A67752</id>
        <description>Привет!</description>
        <reasonCode>Жулик</reasonCode>
        <sourceCode>И вор</sourceCode>
      </BlackListHit>
    </hits>
  </result>
</p:checkPhoneResponse>
</soapenv:Body></soapenv:Envelope>